name,last_name, first_name,pitcher_id,team_name,pitch_hand,avg_speed,pitches_thrown,total_pitches,pitch_type,pitch_type_name,vertical_break,horizonal_break
 Pablo López,López, Pablo,641154,MIA,R,87.5,1026,2910,CH,Changeup,32.4,17.3
 Logan Webb,Webb, Logan,657277,SF,R,86.4,937,3006,CH,Changeup,42.0,7.1
 Sandy Alcantara,Alcantara, Sandy,645261,MIA,R,91.8,896,3248,CH,Changeup,28.8,16.8
 Marco Gonzales,Gonzales, Marco,594835,SEA,L,79.4,865,2838,CH,Changeup,36.7,17.3
 Martín Pérez,Pérez, Martín,527048,TEX,L,84.4,823,2979,CH,Changeup,29.6,14.2
 Tyler Anderson,Anderson, Tyler,542881,LAD,L,79.0,815,2576,CH,Changeup,34.8,13.3
 Zach Davies,Davies, Zach,605200,AZ,R,79.7,762,2292,CH,Changeup,34.6,14.0
 Jeffrey Springs,Springs, Jeffrey,605488,TB,L,81.1,745,2149,CH,Changeup,34.1,13.7
 Lucas Giolito,Giolito, Lucas,608337,CWS,R,81.0,702,2753,CH,Changeup,30.5,11.3
 Merrill Kelly,Kelly, Merrill,518876,AZ,R,88.6,671,3071,CH,Changeup,32.3,16.6
 Ian Anderson,Anderson, Ian,666120,ATL,R,88.2,666,2005,CH,Changeup,25.3,10.4
 Kris Bubic,Bubic, Kris,663460,KC,L,80.7,628,2262,CH,Changeup,33.2,14.3
 Shane McClanahan,McClanahan, Shane,663556,TB,L,87.7,626,2463,CH,Changeup,25.4,16.0
 Devin Williams,Williams, Devin,642207,MIL,R,83.4,618,1068,CH,Changeup,42.7,19.0
 Sean Manaea,Manaea, Sean,640455,SD,L,84.9,609,2482,CH,Changeup,31.2,13.0
 Patrick Sandoval,Sandoval, Patrick,663776,LAA,L,83.7,604,2456,CH,Changeup,30.6,14.3
 Jordan Montgomery,Montgomery, Jordan,656756,STL,L,82.3,602,2715,CH,Changeup,28.5,10.9
 Carlos Carrasco,Carrasco, Carlos,471911,NYM,R,87.4,597,2412,CH,Changeup,34.6,8.1
 Michael Wacha,Wacha, Michael,608379,BOS,R,84.3,580,1949,CH,Changeup,26.2,12.5
 Trevor Rogers,Rogers, Trevor,669432,MIA,L,85.7,567,1940,CH,Changeup,35.6,14.6
 Luis Castillo,Castillo, Luis,622491,SEA,R,88.4,558,2506,CH,Changeup,32.3,17.3
 Ross Stripling,Stripling, Ross,548389,TOR,R,82.6,553,2033,CH,Changeup,29.7,10.9
 Ranger Suárez,Suárez, Ranger,624133,PHI,L,84.9,548,2564,CH,Changeup,32.2,14.8
 Nabil Crismatt,Crismatt, Nabil,622503,SD,R,82.7,532,1062,CH,Changeup,38.8,13.1
 José Quintana,Quintana, José,500779,STL,L,86.4,531,2724,CH,Changeup,30.8,11.7
 Dane Dunning,Dunning, Dane,641540,TEX,R,84.0,513,2548,CH,Changeup,34.7,17.2
 Jalen Beeks,Beeks, Jalen,656222,TB,L,90.3,492,999,CH,Changeup,25.3,16.6
 Zach Plesac,Plesac, Zach,668676,CLE,R,85.7,482,2153,CH,Changeup,24.9,11.4
 Cole Irvin,Irvin, Cole,608344,OAK,L,83.0,479,2610,CH,Changeup,32.5,13.3
 Johnny Cueto,Cueto, Johnny,456501,CWS,R,82.6,478,2372,CH,Changeup,36.0,12.2
 Julio Urías,Urías, Julio,628711,LAD,L,86.2,456,2622,CH,Changeup,30.0,13.9
 Aaron Nola,Nola, Aaron,605400,PHI,R,85.9,448,3039,CH,Changeup,33.8,15.2
 Daniel Lynch,Lynch, Daniel,663738,KC,L,84.8,443,2435,CH,Changeup,27.7,13.2
 Nick Martinez,Martinez, Nick,607259,SD,R,79.7,439,1720,CH,Changeup,38.2,13.4
 Trevor Richards,Richards, Trevor,670950,TOR,R,84.1,437,1163,CH,Changeup,32.6,16.2
 José Suarez,Suarez, José,660761,LAA,L,82.4,435,1783,CH,Changeup,35.4,12.7
 Zac Gallen,Gallen, Zac,668678,AZ,R,86.2,418,2935,CH,Changeup,32.8,11.9
 Kyle Wright,Wright, Kyle,657140,ATL,R,88.1,418,2697,CH,Changeup,35.0,15.9
 José Berríos,Berríos, José,621244,TOR,R,84.6,418,2721,CH,Changeup,33.9,14.4
 Alex Wood,Wood, Alex,622072,SF,L,85.7,415,2239,CH,Changeup,37.0,14.1
 Brandon Woodruff,Woodruff, Brandon,605540,MIL,R,86.1,413,2538,CH,Changeup,28.0,15.8
 Kyle Hendricks,Hendricks, Kyle,543294,CHC,R,79.9,413,1347,CH,Changeup,32.2,12.4
 Noah Syndergaard,Syndergaard, Noah,592789,PHI,R,88.5,408,2026,CH,Changeup,26.8,15.1
 Dylan Bundy,Bundy, Dylan,605164,MIN,R,81.1,408,2180,CH,Changeup,35.3,12.2
 Mike Minor,Minor, Mike,501985,CIN,L,84.2,406,1750,CH,Changeup,28.8,16.7
 Edward Cabrera,Cabrera, Edward,665795,MIA,R,92.5,397,1215,CH,Changeup,23.9,16.1
 Kyle Freeland,Freeland, Kyle,607536,COL,L,84.8,396,2839,CH,Changeup,30.6,10.9
 Max Fried,Fried, Max,608331,ATL,L,86.5,396,2818,CH,Changeup,32.4,12.9
 José Urquidy,Urquidy, José,664353,HOU,R,86.1,392,2640,CH,Changeup,23.6,15.8
 Aaron Ashby,Ashby, Aaron,676879,MIL,L,89.1,389,1878,CH,Changeup,31.2,14.8
 Wil Crowe,Crowe, Wil,640444,PIT,R,85.9,388,1380,CH,Changeup,33.0,10.2
 Jonathan Heasley,Heasley, Jonathan,669169,KC,R,84.9,380,1796,CH,Changeup,27.7,12.9
 Zack Greinke,Greinke, Zack,425844,KC,R,86.5,374,2272,CH,Changeup,32.6,12.8
 Jesús Luzardo,Luzardo, Jesús,666200,MIA,L,87.2,372,1644,CH,Changeup,27.7,15.6
 Michael Lorenzen,Lorenzen, Michael,547179,LAA,R,85.7,369,1654,CH,Changeup,27.8,16.2
 Luis Severino,Severino, Luis,622663,NYY,R,88.8,363,1639,CH,Changeup,25.4,13.6
 Austin Gomber,Gomber, Austin,596295,COL,L,82.0,362,2059,CH,Changeup,29.8,9.8
 Chris Flexen,Flexen, Chris,623167,SEA,R,81.1,355,2204,CH,Changeup,32.9,12.6
 Nick Nelson,Nelson, Nick,656793,PHI,R,87.9,353,1204,CH,Changeup,28.2,16.1
 Cal Quantrill,Quantrill, Cal,615698,CLE,R,85.3,346,2920,CH,Changeup,30.0,12.3
 Wandy Peralta,Peralta, Wandy,593974,NYY,L,88.5,345,816,CH,Changeup,29.9,17.3
 Reiver Sanmartin,Sanmartin, Reiver,665665,CIN,L,85.2,334,1031,CH,Changeup,38.7,16.9
 Bruce Zimmermann,Zimmermann, Bruce,669145,BAL,L,84.6,332,1130,CH,Changeup,28.3,16.7
 Alek Manoah,Manoah, Alek,666201,TOR,R,86.5,331,2949,CH,Changeup,27.2,14.5
 Joely Rodríguez,Rodríguez, Joely,570257,NYM,L,87.8,327,842,CH,Changeup,35.1,11.3
 Ryan Yarbrough,Yarbrough, Ryan,642232,TB,L,78.6,324,1355,CH,Changeup,39.8,16.9
 Jordan Lyles,Lyles, Jordan,543475,BAL,R,86.3,323,2988,CH,Changeup,29.1,13.7
 Corbin Burnes,Burnes, Corbin,669203,MIL,R,90.3,322,3274,CH,Changeup,26.4,14.4
 Aníbal Sánchez,Sánchez, Aníbal,434671,WSH,R,79.9,315,1232,CH,Changeup,35.3,13.4
 Joey Krehbiel,Krehbiel, Joey,607216,BAL,R,84.4,314,977,CH,Changeup,36.0,14.1
 Madison Bumgarner,Bumgarner, Madison,518516,AZ,L,85.5,307,2715,CH,Changeup,29.6,13.0
 Connor Brogdon,Brogdon, Connor,641401,PHI,R,83.8,307,710,CH,Changeup,32.1,17.1
 David Peterson,Peterson, David,656849,NYM,L,85.8,307,1889,CH,Changeup,31.2,16.2
 Dallas Keuchel,Keuchel, Dallas,572971,TEX,L,79.2,306,1165,CH,Changeup,38.7,14.3
 Jovani Moran,Moran, Jovani,663558,MIN,L,83.3,306,672,CH,Changeup,31.4,13.7
 Jason Adam,Adam, Jason,592094,TB,R,90.0,303,942,CH,Changeup,31.8,16.4
 Dean Kremer,Kremer, Dean,665152,BAL,R,83.8,300,1947,CH,Changeup,37.8,15.1
 Jharel Cotton,Cotton, Jharel,605194,SF,R,79.7,299,741,CH,Changeup,36.8,13.5
 Tyler Alexander,Alexander, Tyler,641302,DET,L,82.8,294,1591,CH,Changeup,31.5,13.7
 Kyle Gibson,Gibson, Kyle,502043,PHI,R,84.6,294,2739,CH,Changeup,34.6,14.8
 Jarlín García,García, Jarlín,606424,SF,L,85.2,293,1015,CH,Changeup,27.8,16.2
 Tyler Wells,Wells, Tyler,669330,BAL,R,86.7,292,1649,CH,Changeup,23.2,14.9
 Joe Ryan,Ryan, Joe,657746,MIN,R,84.6,290,2391,CH,Changeup,29.1,17.5
 Devin Smeltzer,Smeltzer, Devin,656970,MIN,L,82.2,290,1129,CH,Changeup,37.5,13.6
 Jakob Junis,Junis, Jakob,596001,SF,R,84.7,288,1802,CH,Changeup,33.3,9.8
 Ron Marinaccio,Marinaccio, Ron,676760,NYY,R,83.9,287,757,CH,Changeup,37.4,17.1
 Beau Brieske,Brieske, Beau,689225,DET,R,82.0,285,1287,CH,Changeup,28.0,15.4
 Tarik Skubal,Skubal, Tarik,669373,DET,L,83.6,285,1914,CH,Changeup,32.6,13.4
 Tyler Beede,Beede, Tyler,595881,PIT,R,84.8,283,1072,CH,Changeup,34.3,15.6
 Daniel Norris,Norris, Daniel,596057,DET,L,86.7,282,1012,CH,Changeup,37.3,13.1
 Adrián Martínez,Martínez, Adrián,661309,OAK,R,84.0,280,1015,CH,Changeup,42.3,14.2
 Eli Morgan,Morgan, Eli,669212,CLE,R,75.9,278,1017,CH,Changeup,44.0,15.6
 Gerrit Cole,Cole, Gerrit,543037,NYY,R,89.7,276,3274,CH,Changeup,24.7,14.0
 Caleb Smith,Smith, Caleb,592761,AZ,L,83.6,274,1234,CH,Changeup,24.2,13.7
 Framber Valdez,Valdez, Framber,664285,HOU,L,88.7,273,3018,CH,Changeup,33.0,15.3
 Max Scherzer,Scherzer, Max,453286,NYM,R,84.1,272,2167,CH,Changeup,34.9,14.9
 Bryse Wilson,Wilson, Bryse,669060,PIT,R,85.1,270,1825,CH,Changeup,33.5,12.9
 Brent Suter,Suter, Brent,608718,MIL,L,77.2,267,1070,CH,Changeup,34.8,10.0
 José Ureña,Ureña, José,570632,COL,R,90.2,264,1622,CH,Changeup,24.7,11.7
 Chris Archer,Archer, Chris,502042,MIN,R,87.0,263,1787,CH,Changeup,26.9,13.0
 Noé Ramirez,Ramirez, Noé,598287,AZ,R,84.1,259,837,CH,Changeup,43.4,14.3
 Corey Kluber,Kluber, Corey,446372,TB,R,82.9,253,2454,CH,Changeup,33.7,13.6
 José Ruiz,Ruiz, José,614179,CWS,R,89.9,253,1115,CH,Changeup,25.8,15.4
 Domingo Germán,Germán, Domingo,593334,NYY,R,85.9,251,1081,CH,Changeup,28.5,17.9
 Dillon Tate,Tate, Dillon,622253,BAL,R,83.9,251,1077,CH,Changeup,34.7,17.0
 Charlie Morton,Morton, Charlie,450203,ATL,R,87.2,250,2903,CH,Changeup,34.5,17.6
 Garrett Richards,Richards, Garrett,572070,TEX,R,90.0,246,708,CH,Changeup,30.1,15.2
 Yusei Kikuchi,Kikuchi, Yusei,579328,TOR,L,87.0,246,1843,CH,Changeup,28.1,10.5
 Brad Boxberger,Boxberger, Brad,502202,MIL,R,81.2,246,1090,CH,Changeup,35.9,11.2
 Reid Detmers,Detmers, Reid,672282,LAA,L,84.2,246,2181,CH,Changeup,29.6,13.5
 Mark Leiter Jr.,Leiter Jr., Mark,643410,CHC,R,84.2,245,1086,CH,Changeup,34.0,6.4
 Logan Gilbert,Gilbert, Logan,669302,SEA,R,86.2,241,3015,CH,Changeup,28.3,15.3
 Cole Sulser,Sulser, Cole,642121,MIA,R,83.2,240,619,CH,Changeup,33.9,14.7
 Steven Matz,Matz, Steven,571927,STL,L,85.1,238,849,CH,Changeup,35.8,15.2
 Eduardo Rodriguez,Rodriguez, Eduardo,593958,DET,L,85.5,238,1469,CH,Changeup,30.7,16.5
 Jameson Taillon,Taillon, Jameson,592791,NYY,R,87.7,236,2805,CH,Changeup,24.7,14.0
 Brayan Bello,Bello, Brayan,678394,BOS,R,88.2,236,997,CH,Changeup,30.4,16.7
 Luis Cessa,Cessa, Luis,570666,CIN,R,87.8,235,1235,CH,Changeup,29.6,11.5
 Raisel Iglesias,Iglesias, Raisel,628452,ATL,R,88.7,235,979,CH,Changeup,31.2,16.8
 Cole Ragans,Ragans, Cole,666142,TEX,L,82.1,232,706,CH,Changeup,26.7,16.2
 Max Castillo,Castillo, Max,666721,KC,R,87.5,231,697,CH,Changeup,30.5,13.6
 Garrett Whitlock,Whitlock, Garrett,676477,BOS,R,84.6,231,1166,CH,Changeup,33.3,18.0
 Luis Garcia,Garcia, Luis,677651,HOU,R,84.8,231,2468,CH,Changeup,28.0,17.0
 Joe Mantiply,Mantiply, Joe,573009,AZ,L,82.6,224,861,CH,Changeup,40.7,16.5
 Konnor Pilkington,Pilkington, Konnor,663455,CLE,L,84.4,223,1039,CH,Changeup,30.1,14.3
 Adrian Sampson,Sampson, Adrian,592716,CHC,R,85.1,223,1694,CH,Changeup,31.7,15.9
 Keegan Akin,Akin, Keegan,669211,BAL,L,84.2,222,1235,CH,Changeup,30.0,16.0
 James Kaprielian,Kaprielian, James,621076,OAK,R,85.2,222,2230,CH,Changeup,35.5,8.4
 Hoby Milner,Milner, Hoby,571948,MIL,L,81.3,221,1088,CH,Changeup,39.8,17.1
 Domingo Acevedo,Acevedo, Domingo,642758,OAK,R,86.8,220,1005,CH,Changeup,33.0,18.1
 Duane Underwood Jr.,Underwood Jr., Duane,621249,PIT,R,89.6,219,1004,CH,Changeup,27.8,14.8
 Patrick Corbin,Corbin, Patrick,571578,WSH,L,82.5,218,2623,CH,Changeup,30.4,12.7
 Sam Long,Long, Sam,669674,SF,L,84.3,216,739,CH,Changeup,23.8,11.0
 Paul Blackburn,Blackburn, Paul,621112,OAK,R,86.0,212,1762,CH,Changeup,29.5,13.3
 Rafael Montero,Montero, Rafael,606160,HOU,R,91.1,212,1093,CH,Changeup,27.5,16.9
 Matt Moore,Moore, Matt,519043,TEX,L,85.0,209,1248,CH,Changeup,29.4,17.0
 Anthony Banda,Banda, Anthony,607455,NYY,L,86.6,206,551,CH,Changeup,31.6,14.6
 Bryan Baker,Baker, Bryan,641329,BAL,R,84.0,206,1181,CH,Changeup,28.0,14.3
 Jeff Hoffman,Hoffman, Jeff,656546,CIN,R,87.7,204,848,CH,Changeup,28.1,14.4
 Alex Lange,Lange, Alex,656638,DET,R,89.7,204,1046,CH,Changeup,31.4,16.5
 A.J. Minter,Minter, A.J.,621345,ATL,L,87.6,201,1111,CH,Changeup,32.3,16.2
 Buck Farmer,Farmer, Buck,571656,CIN,R,88.7,199,855,CH,Changeup,34.5,14.0
 Jon Gray,Gray, Jon,592351,TEX,R,88.7,192,2062,CH,Changeup,26.0,14.2
 Adam Wainwright,Wainwright, Adam,425794,STL,R,82.2,190,3133,CH,Changeup,32.4,14.3
 Ryan Pepiot,Pepiot, Ryan,686752,LAD,R,86.8,189,737,CH,Changeup,29.8,16.8
 Mychal Givens,Givens, Mychal,571710,NYM,R,82.0,187,1026,CH,Changeup,43.6,9.2
 Mike Clevinger,Clevinger, Mike,605182,SD,R,86.3,186,1931,CH,Changeup,26.6,14.3
 John King,King, John,667463,TEX,L,80.7,185,749,CH,Changeup,42.0,15.7
 Trevor Williams,Williams, Trevor,592866,NYM,R,84.4,185,1407,CH,Changeup,33.6,13.9
 Taylor Clarke,Clarke, Taylor,664199,KC,R,89.0,184,859,CH,Changeup,29.5,14.1
 JP Sears,Sears, JP,676664,OAK,L,82.7,183,1079,CH,Changeup,36.8,18.1
 Jason Alexander,Alexander, Jason,669920,MIL,R,81.5,182,1160,CH,Changeup,38.3,17.0
 Luke Weaver,Weaver, Luke,596133,KC,R,86.9,182,721,CH,Changeup,30.7,14.6
 Brady Singer,Singer, Brady,663903,KC,R,86.9,182,2376,CH,Changeup,24.3,14.5
 Jorge López,López, Jorge,605347,MIN,R,90.0,181,1161,CH,Changeup,30.8,15.8
 Glenn Otto,Otto, Glenn,657248,TEX,R,88.2,180,2229,CH,Changeup,25.9,14.0
 Drew Hutchison,Hutchison, Drew,571800,DET,R,86.5,180,1759,CH,Changeup,26.9,13.3
 Joe Musgrove,Musgrove, Joe,605397,SD,R,86.5,179,2834,CH,Changeup,32.7,11.4
 Austin Davis,Davis, Austin,656354,MIN,L,86.3,179,1118,CH,Changeup,29.1,15.9
 Tanner Banks,Banks, Tanner,621383,CWS,L,84.9,179,897,CH,Changeup,31.7,10.6
 Zach Thompson,Thompson, Zach,605507,PIT,R,85.7,177,2080,CH,Changeup,31.6,12.1
 Wade Miley,Miley, Wade,489119,CHC,L,81.4,177,566,CH,Changeup,34.6,16.1
 Brock Burke,Burke, Brock,656271,TEX,L,88.1,176,1330,CH,Changeup,26.8,16.9
 Adrian Houser,Houser, Adrian,605288,MIL,R,85.4,175,1848,CH,Changeup,30.7,15.0
 Mitch Keller,Keller, Mitch,656605,PIT,R,91.2,175,2661,CH,Changeup,28.1,14.8
 Nick Lodolo,Lodolo, Nick,666157,CIN,L,88.3,174,1779,CH,Changeup,32.9,17.9
 Chad Kuhl,Kuhl, Chad,641771,COL,R,87.9,171,2375,CH,Changeup,29.0,13.9
 Chris Bassitt,Bassitt, Chris,605135,NYM,R,85.4,171,2886,CH,Changeup,30.9,16.2
 Kyle Bradish,Bradish, Kyle,680694,BAL,R,89.9,170,1993,CH,Changeup,24.3,12.2
 José Leclerc,Leclerc, José,600917,TEX,R,89.7,170,782,CH,Changeup,23.0,13.5
 Robert Suarez,Suarez, Robert,663158,SD,R,89.3,168,801,CH,Changeup,26.7,16.2
 George Kirby,Kirby, George,669923,SEA,R,86.0,167,2092,CH,Changeup,33.5,15.3
 Brooks Raley,Raley, Brooks,548384,TB,L,85.5,165,846,CH,Changeup,36.4,17.0
 Adam Oller,Oller, Adam,670124,OAK,R,86.5,162,1294,CH,Changeup,29.4,14.5
 Huascar Brazoban,Brazoban, Huascar,623211,MIA,R,89.0,159,631,CH,Changeup,31.0,15.8
 Josh Winder,Winder, Josh,680739,MIN,R,88.9,158,1114,CH,Changeup,24.2,12.4
 Griffin Jax,Jax, Griffin,643377,MIN,R,89.8,158,1157,CH,Changeup,28.2,14.2
 Andres Machado,Machado, Andres,600921,WSH,R,88.9,156,997,CH,Changeup,29.4,11.6
 Jesse Chavez,Chavez, Jesse,445926,ATL,R,85.5,155,1202,CH,Changeup,35.7,15.8
 Taylor Hearn,Hearn, Taylor,621368,TEX,L,87.6,154,1787,CH,Changeup,26.1,10.4
 Jaime Barría,Barría, Jaime,642545,LAA,R,85.0,154,1123,CH,Changeup,27.9,13.8
 Dillon Peters,Peters, Dillon,596071,PIT,L,84.8,153,634,CH,Changeup,28.1,12.6
 Elieser Hernandez,Hernandez, Elieser,622694,MIA,R,84.6,148,1095,CH,Changeup,29.4,16.5
 Carlos Estévez,Estévez, Carlos,608032,COL,R,88.4,148,1021,CH,Changeup,28.4,10.6
 Tylor Megill,Megill, Tylor,656731,NYM,R,89.1,144,791,CH,Changeup,27.4,15.3
 Kendall Graveman,Graveman, Kendall,608665,CWS,R,90.7,142,1035,CH,Changeup,28.2,14.0
 Packy Naughton,Naughton, Packy,676050,STL,L,84.4,142,562,CH,Changeup,32.1,14.1
 Michael Pineda,Pineda, Michael,501381,DET,R,85.3,141,731,CH,Changeup,29.1,15.0
 Freddy Peralta,Peralta, Freddy,642547,MIL,R,85.9,141,1353,CH,Changeup,33.4,14.7
 Braxton Garrett,Garrett, Braxton,666129,MIA,L,85.9,141,1436,CH,Changeup,33.5,16.9
 Joel Kuhnel,Kuhnel, Joel,669270,CIN,R,90.2,140,934,CH,Changeup,28.6,11.6
 Chase Anderson,Anderson, Chase,502624,CIN,R,82.9,140,493,CH,Changeup,26.0,16.6
 Zach Logue,Logue, Zach,656657,OAK,L,82.0,139,1022,CH,Changeup,40.6,15.2
 Cristopher Sánchez,Sánchez, Cristopher,650911,PHI,L,84.4,133,662,CH,Changeup,37.3,17.0
 Bailey Ober,Ober, Bailey,641927,MIN,R,84.3,133,854,CH,Changeup,30.7,16.4
 Ty Blach,Blach, Ty,621389,COL,L,80.7,132,674,CH,Changeup,39.7,15.7
 Dennis Santana,Santana, Dennis,642701,TEX,R,89.9,132,991,CH,Changeup,25.7,17.2
 Lance McCullers Jr.,McCullers Jr., Lance,621121,HOU,R,87.0,132,759,CH,Changeup,38.0,17.3
 Dylan Floro,Floro, Dylan,571670,MIA,R,85.2,130,863,CH,Changeup,35.7,17.0
 Joel Payamps,Payamps, Joel,606303,OAK,R,88.9,130,952,CH,Changeup,30.8,16.6
 Génesis Cabrera,Cabrera, Génesis,650893,STL,L,90.2,130,736,CH,Changeup,23.2,14.9
 Alex Faedo,Faedo, Alex,656412,DET,R,86.2,128,967,CH,Changeup,25.8,15.8
 Josh Fleming,Fleming, Josh,676596,TB,L,82.2,126,662,CH,Changeup,41.8,15.0
 Dauri Moreta,Moreta, Dauri,664294,CIN,R,87.8,126,613,CH,Changeup,21.3,12.5
 JT Brubaker,Brubaker, JT,664141,PIT,R,87.2,121,2381,CH,Changeup,29.6,15.2
 Daulton Jefferies,Jefferies, Daulton,641726,OAK,R,86.1,121,611,CH,Changeup,33.1,15.0
 Aaron Loup,Loup, Aaron,571901,LAA,L,80.3,121,967,CH,Changeup,45.1,17.6
 Scott Effross,Effross, Scott,664123,NYY,R,83.0,119,815,CH,Changeup,48.6,14.3
 Blake Snell,Snell, Blake,605483,SD,L,87.1,118,2341,CH,Changeup,26.1,13.7
 Garrett Hill,Hill, Garrett,682051,DET,R,82.2,118,1019,CH,Changeup,35.0,12.7
 Josh Winckowski,Winckowski, Josh,670174,BOS,R,89.9,117,1194,CH,Changeup,31.5,15.6
 Jimmy Lambert,Lambert, Jimmy,669424,CWS,R,85.4,116,818,CH,Changeup,31.2,14.6
 Hunter Greene,Greene, Hunter,668881,CIN,R,90.1,116,2200,CH,Changeup,22.0,11.3
 Brad Keller,Keller, Brad,641745,KC,R,90.0,115,2275,CH,Changeup,25.1,10.1
 Antonio Senzatela,Senzatela, Antonio,622608,COL,R,87.0,115,1521,CH,Changeup,27.8,8.0
 Jonathan Loáisiga,Loáisiga, Jonathan,642528,NYY,R,89.9,114,761,CH,Changeup,23.3,16.9
 Will Vest,Vest, Will,676684,DET,R,86.8,114,1083,CH,Changeup,32.6,15.5
 Davis Martin,Martin, Davis,663436,CWS,R,85.9,113,1044,CH,Changeup,28.0,14.9
 Vince Velasquez,Velasquez, Vince,592826,CWS,R,88.1,111,1286,CH,Changeup,28.4,12.2
 T.J. McFarland,McFarland, T.J.,519008,STL,L,81.8,107,487,CH,Changeup,40.5,14.9
 Aaron Sanchez,Sanchez, Aaron,592717,MIN,R,87.8,107,1006,CH,Changeup,29.3,15.7
 Vladimir Gutierrez,Gutierrez, Vladimir,661269,CIN,R,82.9,105,684,CH,Changeup,29.9,13.1
 Jonathan Hernández,Hernández, Jonathan,642546,TEX,R,90.1,105,511,CH,Changeup,28.1,19.4
 Bryce Elder,Elder, Bryce,693821,ATL,R,86.0,104,873,CH,Changeup,32.8,11.7
 Ryan Feltner,Feltner, Ryan,663372,COL,R,83.8,102,1675,CH,Changeup,33.0,5.3
 Lou Trivino,Trivino, Lou,642152,NYY,R,87.4,102,955,CH,Changeup,35.4,16.1
 Tyler Danish,Danish, Tyler,641501,BOS,R,84.4,98,664,CH,Changeup,39.5,14.6
 Carl Edwards Jr.,Edwards Jr., Carl,605218,WSH,R,90.6,97,1014,CH,Changeup,23.4,12.3
 Miguel Castro,Castro, Miguel,612434,NYY,R,92.5,97,522,CH,Changeup,31.5,17.6
 Ralph Garza Jr.,Garza Jr., Ralph,621248,TB,R,83.1,97,514,CH,Changeup,33.4,16.4
 Rony García,García, Rony,665621,DET,R,87.5,97,885,CH,Changeup,26.9,12.1
 Enyel De Los Santos,De Los Santos, Enyel,660853,CLE,R,87.4,93,845,CH,Changeup,26.3,15.4
 Kutter Crawford,Crawford, Kutter,676710,BOS,R,86.6,93,1296,CH,Changeup,25.9,10.9
 Ian Kennedy,Kennedy, Ian,453178,AZ,R,85.7,92,867,CH,Changeup,29.0,8.4
 Jackson Stephens,Stephens, Jackson,623451,ATL,R,85.9,91,944,CH,Changeup,35.2,8.2
 David Phelps,Phelps, David,475479,TOR,R,86.5,86,1151,CH,Changeup,28.3,18.0
 Ken Waldichuk,Waldichuk, Ken,686610,OAK,L,82.4,85,586,CH,Changeup,36.2,15.4
 Jared Koenig,Koenig, Jared,657649,OAK,L,82.8,85,653,CH,Changeup,32.6,13.2
 Joan Adon,Adon, Joan,672851,WSH,R,87.4,82,1204,CH,Changeup,28.5,16.1
 Peter Strzelecki,Strzelecki, Peter,657265,MIL,R,83.3,82,605,CH,Changeup,40.5,16.4
 Walker Buehler,Buehler, Walker,621111,LAD,R,90.5,82,1046,CH,Changeup,28.3,13.7
 Ryan Tepera,Tepera, Ryan,572193,LAA,R,85.8,79,892,CH,Changeup,32.2,11.1
 J.B. Wendelken,Wendelken, J.B.,605525,AZ,R,85.5,79,488,CH,Changeup,32.6,15.4
 Humberto Castellanos,Castellanos, Humberto,528748,AZ,R,84.0,78,748,CH,Changeup,35.8,15.2
 Jacob deGrom,deGrom, Jacob,594798,NYM,R,92.0,77,940,CH,Changeup,26.1,13.2
 Chris Stratton,Stratton, Chris,608717,STL,R,86.8,77,1100,CH,Changeup,32.4,11.6
 Yimi Garcia,Garcia, Yimi,554340,TOR,R,87.2,76,1039,CH,Changeup,32.4,18.3
 John Schreiber,Schreiber, John,670167,BOS,R,88.5,76,1020,CH,Changeup,37.6,15.6
 Matt Manning,Manning, Matt,666159,DET,R,86.2,75,990,CH,Changeup,29.5,11.7
 Matt Foster,Foster, Matt,641582,CWS,R,83.9,75,768,CH,Changeup,25.8,11.9
 Joey Wentz,Wentz, Joey,666214,DET,L,84.1,75,555,CH,Changeup,27.0,15.0
 José Quijada,Quijada, José,650671,LAA,L,86.9,75,691,CH,Changeup,31.3,16.3
 Tommy Henry,Henry, Tommy,674072,AZ,L,84.7,75,773,CH,Changeup,34.1,14.3
 Adam Ottavino,Ottavino, Adam,493603,NYM,R,89.1,75,1057,CH,Changeup,33.3,16.5
 Michael Rucker,Rucker, Michael,621074,CHC,R,90.0,74,914,CH,Changeup,29.5,14.6
 Ian Gibaut,Gibaut, Ian,664139,CIN,R,85.9,74,694,CH,Changeup,29.4,14.9
 Seth Martinez,Martinez, Seth,661527,HOU,R,86.5,74,592,CH,Changeup,37.2,15.2
 Jimmy Herget,Herget, Jimmy,623474,LAA,R,84.3,74,996,CH,Changeup,41.5,8.4
 Michael King,King, Michael,650633,NYY,R,88.3,74,776,CH,Changeup,27.4,17.8
 Zach Eflin,Eflin, Zach,621107,PHI,R,87.0,73,1194,CH,Changeup,27.8,13.8
 Matthew Liberatore,Liberatore, Matthew,669461,STL,L,85.9,73,650,CH,Changeup,28.2,12.8
 Daniel Castano,Castano, Daniel,641447,MIA,L,84.0,73,577,CH,Changeup,29.8,12.6
 Manny Bañuelos,Bañuelos, Manny,544365,PIT,L,83.1,72,718,CH,Changeup,34.5,15.7
 Albert Abreu,Abreu, Albert,656061,NYY,R,88.0,71,707,CH,Changeup,26.6,16.6
 Matt Strahm,Strahm, Matt,621381,BOS,L,88.2,70,764,CH,Changeup,27.8,18.4
 Elvin Rodriguez,Rodriguez, Elvin,660730,DET,R,86.6,69,534,CH,Changeup,25.5,14.9
 Andrew Bellatti,Bellatti, Andrew,571479,PHI,R,89.5,69,963,CH,Changeup,27.2,16.3
 Jordan Weems,Weems, Jordan,607179,WSH,R,87.3,68,738,CH,Changeup,29.5,10.0
 Mike Mayers,Mayers, Mike,594577,LAA,R,86.7,67,890,CH,Changeup,30.1,15.7
 MacKenzie Gore,Gore, MacKenzie,669022,SD,L,84.8,67,1258,CH,Changeup,24.9,13.1
 Jason Foley,Foley, Jason,671345,DET,R,89.5,66,961,CH,Changeup,31.7,14.8
 David Price,Price, David,456034,LAD,L,83.9,64,596,CH,Changeup,33.2,14.6
 Andrew Heaney,Heaney, Andrew,571760,LAD,L,85.0,63,1230,CH,Changeup,31.6,16.7
 Michael Fulmer,Fulmer, Michael,605242,MIN,R,86.5,63,1043,CH,Changeup,32.5,13.3
 Reyes Moronta,Moronta, Reyes,606625,AZ,R,89.0,62,641,CH,Changeup,29.0,17.0
 Joe Kelly,Kelly, Joe,523260,CWS,R,87.1,60,703,CH,Changeup,30.1,17.1
 Kirby Snead,Snead, Kirby,669912,OAK,L,87.6,55,780,CH,Changeup,35.9,18.6
 Johan Oviedo,Oviedo, Johan,670912,PIT,R,88.8,54,980,CH,Changeup,28.7,15.4
 Richard Bleier,Bleier, Richard,542947,MIA,L,82.9,53,768,CH,Changeup,35.1,15.9
 Dylan Lee,Lee, Dylan,669276,ATL,L,86.3,51,754,CH,Changeup,26.4,11.0
 Joe Jiménez,Jiménez, Joe,641729,DET,R,90.7,51,937,CH,Changeup,24.3,16.3
 Matt Barnes,Barnes, Matt,598264,BOS,R,87.2,50,693,CH,Changeup,27.8,18.1
 Steven Wilson,Wilson, Steven,621051,SD,R,85.1,49,874,CH,Changeup,28.7,16.2
 Zack Thompson,Thompson, Zack,668868,STL,L,87.7,48,575,CH,Changeup,26.1,12.3
 Javier Assad,Assad, Javier,665871,CHC,R,85.4,46,690,CH,Changeup,29.6,14.2
 Andrew Wantz,Wantz, Andrew,681806,LAA,R,86.9,46,831,CH,Changeup,32.2,10.8
 Austin Pruitt,Pruitt, Austin,643493,OAK,R,86.2,44,809,CH,Changeup,29.2,13.9
 Kirk McCarty,McCarty, Kirk,668948,CLE,L,84.7,44,574,CH,Changeup,25.0,12.5
 Drew Smith,Smith, Drew,622098,NYM,R,85.2,43,780,CH,Changeup,24.6,14.2
 Hayden Wesneski,Wesneski, Hayden,669713,CHC,R,87.0,38,495,CH,Changeup,32.4,15.3
 Kaleb Ort,Ort, Kaleb,672391,BOS,R,89.8,36,529,CH,Changeup,28.2,15.8
