name,last_name, first_name,pitcher_id,team_name,pitch_hand,avg_speed,pitches_thrown,total_pitches,pitch_type,pitch_type_name,vertical_break,horizonal_break
 Charlie Morton,Morton, Charlie,450203,ATL,R,81.3,1102,2903,CUKC,Curveball,51.1,15.5
 Adam Wainwright,Wainwright, Adam,425794,STL,R,72.8,995,3133,CUKC,Curveball,67.5,16.1
 Kyle Wright,Wright, Kyle,657140,ATL,R,84.7,918,2697,CUKC,Curveball,46.6,9.0
 Framber Valdez,Valdez, Framber,664285,HOU,L,79.1,846,3018,CUKC,Curveball,60.5,11.7
 Nick Pivetta,Pivetta, Nick,601713,BOS,R,77.2,834,3082,CUKC,Curveball,65.3,7.9
 Aaron Nola,Nola, Aaron,605400,PHI,R,78.6,806,3039,CUKC,Curveball,55.7,14.4
 José Quintana,Quintana, José,500779,STL,L,78.4,766,2724,CUKC,Curveball,51.2,7.9
 Drew Smyly,Smyly, Drew,592767,CHC,L,78.7,740,1814,CUKC,Curveball,44.2,2.6
 Rich Hill,Hill, Rich,448179,BOS,L,71.8,727,1990,CUKC,Curveball,67.7,17.8
 Erick Fedde,Fedde, Erick,607200,WSH,R,78.4,695,2420,CUKC,Curveball,46.9,14.7
 Corey Kluber,Kluber, Corey,446372,TB,R,80.7,669,2454,CUKC,Curveball,41.0,16.5
 Miles Mikolas,Mikolas, Miles,571945,STL,R,76.0,666,3152,CUKC,Curveball,63.3,8.7
 Zac Gallen,Gallen, Zac,668678,AZ,R,81.6,644,2935,CUKC,Curveball,53.5,6.7
 Josiah Gray,Gray, Josiah,680686,WSH,R,82.7,641,2597,CUKC,Curveball,45.4,2.0
 Germán Márquez,Márquez, Germán,608566,COL,R,86.5,627,2839,CUKC,Curveball,38.3,1.1
 Triston McKenzie,McKenzie, Triston,663474,CLE,R,79.4,616,2807,CUKC,Curveball,51.3,7.9
 Max Fried,Fried, Max,608331,ATL,L,74.3,608,2818,CUKC,Curveball,66.8,9.5
 Jordan Montgomery,Montgomery, Jordan,656756,STL,L,80.2,604,2715,CUKC,Curveball,47.7,2.9
 Corbin Burnes,Burnes, Corbin,669203,MIL,R,81.6,603,3274,CUKC,Curveball,47.5,9.8
 Shane McClanahan,McClanahan, Shane,663556,TB,L,82.0,577,2463,CUKC,Curveball,52.1,7.6
 Austin Voth,Voth, Austin,608723,BAL,R,77.5,554,1762,CUKC,Curveball,57.2,16.0
 Cole Irvin,Irvin, Cole,608344,OAK,L,77.5,541,2610,CUKC,Curveball,49.6,8.2
 Joe Musgrove,Musgrove, Joe,605397,SD,R,81.3,541,2834,CUKC,Curveball,55.5,9.6
 Kyle Freeland,Freeland, Kyle,607536,COL,L,80.9,517,2839,CUKC,Curveball,48.5,4.3
 Nick Lodolo,Lodolo, Nick,666157,CIN,L,81.5,515,1779,CUKC,Curveball,40.0,13.8
 Shane Bieber,Bieber, Shane,669456,CLE,R,82.0,514,2875,CUKC,Curveball,51.6,9.9
 Alex Lange,Lange, Alex,656638,DET,R,85.5,510,1046,CUKC,Curveball,42.9,0.6
 Madison Bumgarner,Bumgarner, Madison,518516,AZ,L,78.6,509,2715,CUKC,Curveball,47.1,9.2
 Kris Bubic,Bubic, Kris,663460,KC,L,79.4,491,2262,CUKC,Curveball,56.4,7.6
 Justin Verlander,Verlander, Justin,434378,HOU,R,79.0,490,2607,CUKC,Curveball,55.3,6.9
 Paolo Espino,Espino, Paolo,502179,WSH,R,71.3,485,1873,CUKC,Curveball,73.2,13.1
 Matt Moore,Moore, Matt,519043,TEX,L,83.6,477,1248,CUKC,Curveball,50.2,4.1
 Zack Greinke,Greinke, Zack,425844,KC,R,72.0,462,2272,CUKC,Curveball,64.4,12.5
 Sonny Gray,Gray, Sonny,543243,MIN,R,78.7,460,1872,CUKC,Curveball,58.9,14.4
 Dylan Cease,Cease, Dylan,656302,CWS,R,81.1,435,3120,CUKC,Curveball,59.1,3.6
 Zach Thompson,Thompson, Zach,605507,PIT,R,76.6,434,2080,CUKC,Curveball,56.5,5.0
 Eric Lauer,Lauer, Eric,641778,MIL,L,78.2,429,2676,CUKC,Curveball,52.7,6.4
 Aaron Civale,Civale, Aaron,650644,CLE,R,75.9,428,1588,CUKC,Curveball,65.8,11.7
 Merrill Kelly,Kelly, Merrill,518876,AZ,R,82.2,413,3071,CUKC,Curveball,50.9,9.1
 Jameson Taillon,Taillon, Jameson,592791,NYY,R,81.1,413,2805,CUKC,Curveball,51.8,9.2
 Mitch Keller,Keller, Mitch,656605,PIT,R,78.7,411,2661,CUKC,Curveball,60.0,11.2
 Domingo Germán,Germán, Domingo,593334,NYY,R,81.0,403,1081,CUKC,Curveball,45.0,1.3
 Jordan Lyles,Lyles, Jordan,543475,BAL,R,79.1,400,2988,CUKC,Curveball,58.7,7.6
 Reid Detmers,Detmers, Reid,672282,LAA,L,73.1,397,2181,CUKC,Curveball,67.0,12.2
 Chris Bassitt,Bassitt, Chris,605135,NYM,R,71.6,392,2886,CUKC,Curveball,67.9,14.9
 JT Brubaker,Brubaker, JT,664141,PIT,R,80.0,382,2381,CUKC,Curveball,50.9,6.5
 Marco Gonzales,Gonzales, Marco,594835,SEA,L,76.6,381,2838,CUKC,Curveball,59.8,6.3
 Logan Gilbert,Gilbert, Logan,669302,SEA,R,80.8,377,3015,CUKC,Curveball,50.1,4.2
 Scott Barlow,Barlow, Scott,605130,KC,R,78.6,373,1198,CUKC,Curveball,53.4,16.2
 Ian Anderson,Anderson, Ian,666120,ATL,R,81.7,371,2005,CUKC,Curveball,43.8,0.6
 José Urquidy,Urquidy, José,664353,HOU,R,78.1,371,2640,CUKC,Curveball,60.3,7.4
 Alex Cobb,Cobb, Alex,502171,SF,R,83.8,371,2418,CUKC,Curveball,51.9,5.9
 Seth Lugo,Lugo, Seth,607625,NYM,R,79.8,367,1079,CUKC,Curveball,60.8,10.7
 Ryan Yarbrough,Yarbrough, Ryan,642232,TB,L,71.3,366,1355,CUKC,Curveball,49.4,15.7
 Joe Kelly,Kelly, Joe,523260,CWS,R,88.1,365,703,CUKC,Curveball,43.1,8.5
 Hoby Milner,Milner, Hoby,571948,MIL,L,79.5,356,1088,CUKC,Curveball,45.3,13.4
 Blake Snell,Snell, Blake,605483,SD,L,81.4,354,2341,CUKC,Curveball,51.0,12.2
 Gerrit Cole,Cole, Gerrit,543037,NYY,R,83.0,353,3274,CUKC,Curveball,53.0,10.2
 Austin Gomber,Gomber, Austin,596295,COL,L,75.8,352,2059,CUKC,Curveball,61.6,7.0
 Phil Maton,Maton, Phil,664208,HOU,R,74.5,343,1089,CUKC,Curveball,58.9,19.9
 Craig Kimbrel,Kimbrel, Craig,518886,LAD,R,85.7,339,1077,CUKC,Curveball,44.0,10.2
 Glenn Otto,Otto, Glenn,657248,TEX,R,81.2,333,2229,CUKC,Curveball,52.3,6.5
 José Ruiz,Ruiz, José,614179,CWS,R,86.3,328,1115,CUKC,Curveball,42.0,2.0
 Matt Barnes,Barnes, Matt,598264,BOS,R,84.1,325,693,CUKC,Curveball,48.9,3.7
 Nathan Eovaldi,Eovaldi, Nathan,543135,BOS,R,78.3,322,1739,CUKC,Curveball,54.2,9.7
 Jhoan Duran,Duran, Jhoan,661395,MIN,R,87.8,321,1023,CUKC,Curveball,42.2,3.0
 Matt Bush,Bush, Matt,456713,MIL,R,81.0,320,909,CUKC,Curveball,51.8,8.4
 Brandon Woodruff,Woodruff, Brandon,605540,MIL,R,84.0,319,2538,CUKC,Curveball,46.0,2.5
 Chris Stratton,Stratton, Chris,608717,STL,R,80.8,318,1100,CUKC,Curveball,50.2,16.1
 Keegan Thompson,Thompson, Keegan,624522,CHC,R,81.3,316,1878,CUKC,Curveball,55.1,8.2
 Jonathan Heasley,Heasley, Jonathan,669169,KC,R,78.5,306,1796,CUKC,Curveball,60.3,6.1
 Dakota Hudson,Hudson, Dakota,641712,STL,R,80.5,305,2253,CUKC,Curveball,46.9,7.4
 David Phelps,Phelps, David,475479,TOR,R,81.7,304,1151,CUKC,Curveball,48.4,3.4
 Clayton Kershaw,Kershaw, Clayton,477132,LAD,L,73.2,301,1842,CUKC,Curveball,66.9,4.9
 Paul Blackburn,Blackburn, Paul,621112,OAK,R,78.8,301,1762,CUKC,Curveball,61.1,8.4
 Tommy Nance,Nance, Tommy,667297,MIA,R,85.3,295,751,CUKC,Curveball,49.4,11.5
 Andre Pallante,Pallante, Andre,669467,STL,R,76.5,294,1753,CUKC,Curveball,65.1,9.0
 Mitch White,White, Mitch,669952,TOR,R,80.2,293,1715,CUKC,Curveball,57.2,5.2
 Aaron Sanchez,Sanchez, Aaron,592717,MIN,R,79.1,285,1006,CUKC,Curveball,54.6,12.8
 James Karinchak,Karinchak, James,675916,CLE,R,82.9,283,704,CUKC,Curveball,48.3,1.7
 David Robertson,Robertson, David,502085,PHI,R,84.7,283,1060,CUKC,Curveball,49.5,7.3
 Zack Wheeler,Wheeler, Zack,554430,PHI,R,81.3,281,2358,CUKC,Curveball,51.7,9.2
 Rony García,García, Rony,665621,DET,R,80.3,280,885,CUKC,Curveball,42.2,7.9
 James Kaprielian,Kaprielian, James,621076,OAK,R,79.3,279,2230,CUKC,Curveball,51.9,7.3
 George Kirby,Kirby, George,669923,SEA,R,80.8,278,2092,CUKC,Curveball,53.6,9.9
 Joan Adon,Adon, Joan,672851,WSH,R,79.7,277,1204,CUKC,Curveball,53.5,7.8
 Brett Martin,Martin, Brett,656685,TEX,L,82.8,274,750,CUKC,Curveball,47.9,1.9
 Chad Kuhl,Kuhl, Chad,641771,COL,R,79.5,273,2375,CUKC,Curveball,54.6,12.3
 Nick Martinez,Martinez, Nick,607259,SD,R,81.7,273,1720,CUKC,Curveball,58.4,2.4
 Jackson Stephens,Stephens, Jackson,623451,ATL,R,76.8,272,944,CUKC,Curveball,57.8,16.0
 Tyler Danish,Danish, Tyler,641501,BOS,R,80.9,270,664,CUKC,Curveball,37.6,11.4
 Chase De Jong,De Jong, Chase,608328,PIT,R,77.7,269,1174,CUKC,Curveball,59.4,6.3
 Jimmy Herget,Herget, Jimmy,623474,LAA,R,74.8,269,996,CUKC,Curveball,46.1,16.9
 Mark Melancon,Melancon, Mark,453343,AZ,R,81.7,266,886,CUKC,Curveball,55.7,4.6
 Noé Ramirez,Ramirez, Noé,598287,AZ,R,78.0,263,837,CUKC,Curveball,46.2,9.8
 Joe Mantiply,Mantiply, Joe,573009,AZ,L,81.1,260,861,CUKC,Curveball,43.4,6.6
 Kyle Bradish,Bradish, Kyle,680694,BAL,R,83.2,258,1993,CUKC,Curveball,53.1,5.8
 Josh Staumont,Staumont, Josh,622251,KC,R,82.2,255,731,CUKC,Curveball,52.4,9.2
 Edward Cabrera,Cabrera, Edward,665795,MIA,R,83.8,253,1215,CUKC,Curveball,44.8,9.0
 Luis Garcia,Garcia, Luis,677651,HOU,R,77.1,252,2468,CUKC,Curveball,57.1,5.9
 David Bednar,Bednar, David,670280,PIT,R,77.1,248,842,CUKC,Curveball,56.7,8.3
 Caleb Thielbar,Thielbar, Caleb,573204,MIN,L,73.0,246,996,CUKC,Curveball,68.3,10.5
 Rowan Wick,Wick, Rowan,592858,CHC,R,76.8,242,1153,CUKC,Curveball,65.6,7.5
 Dean Kremer,Kremer, Dean,665152,BAL,R,76.5,240,1947,CUKC,Curveball,62.2,11.1
 Zach Eflin,Eflin, Zach,621107,PHI,R,78.3,240,1194,CUKC,Curveball,49.9,12.0
 Tony Gonsolin,Gonsolin, Tony,664062,LAD,R,80.7,239,2015,CUKC,Curveball,54.0,3.3
 Aaron Ashby,Ashby, Aaron,676879,MIL,L,79.7,239,1878,CUKC,Curveball,59.0,7.8
 Tyler Duffey,Duffey, Tyler,608648,MIN,R,81.6,237,741,CUKC,Curveball,53.0,7.2
 Matt Brash,Brash, Matt,666374,SEA,R,84.5,237,935,CUKC,Curveball,46.1,13.8
 Pablo López,López, Pablo,641154,MIA,R,80.9,235,2910,CUKC,Curveball,51.7,11.0
 Trevor Megill,Megill, Trevor,656730,MIN,R,83.3,235,774,CUKC,Curveball,56.3,7.6
 Bryse Wilson,Wilson, Bryse,669060,PIT,R,77.2,234,1825,CUKC,Curveball,49.6,16.6
 Dylan Bundy,Bundy, Dylan,605164,MIN,R,72.2,231,2180,CUKC,Curveball,63.4,8.2
 José Suarez,Suarez, José,660761,LAA,L,78.0,231,1783,CUKC,Curveball,51.8,10.5
 Patrick Sandoval,Sandoval, Patrick,663776,LAA,L,78.6,229,2456,CUKC,Curveball,56.5,7.6
 Roansy Contreras,Contreras, Roansy,672710,PIT,R,78.9,228,1588,CUKC,Curveball,56.7,8.9
 Carl Edwards Jr.,Edwards Jr., Carl,605218,WSH,R,80.2,228,1014,CUKC,Curveball,52.7,7.9
 Shohei Ohtani,Ohtani, Shohei,660271,LAA,R,77.7,227,2629,CUKC,Curveball,59.5,11.2
 MacKenzie Gore,Gore, MacKenzie,669022,SD,L,80.8,226,1258,CUKC,Curveball,52.3,0.6
 Carlos Hernández,Hernández, Carlos,672578,KC,R,82.1,225,1035,CUKC,Curveball,45.1,3.1
 Zach Plesac,Plesac, Zach,668676,CLE,R,79.3,223,2153,CUKC,Curveball,52.8,1.9
 Oliver Ortega,Ortega, Oliver,661383,LAA,R,82.3,223,567,CUKC,Curveball,48.5,6.3
 Freddy Peralta,Peralta, Freddy,642547,MIL,R,75.8,223,1353,CUKC,Curveball,51.2,5.6
 Noah Syndergaard,Syndergaard, Noah,592789,PHI,R,76.4,220,2026,CUKC,Curveball,47.8,11.3
 Bailey Falter,Falter, Bailey,663559,PHI,L,76.6,219,1295,CUKC,Curveball,53.4,7.6
 Kutter Crawford,Crawford, Kutter,676710,BOS,R,79.7,219,1296,CUKC,Curveball,57.5,9.2
 Jorge López,López, Jorge,605347,MIN,R,84.1,218,1161,CUKC,Curveball,50.8,9.2
 Génesis Cabrera,Cabrera, Génesis,650893,STL,L,79.3,218,736,CUKC,Curveball,53.8,9.1
 Taijuan Walker,Walker, Taijuan,592836,NYM,R,75.0,217,2500,CUKC,Curveball,60.5,7.0
 Nabil Crismatt,Crismatt, Nabil,622503,SD,R,73.2,216,1062,CUKC,Curveball,65.2,13.4
 Adrian Houser,Houser, Adrian,605288,MIL,R,81.1,216,1848,CUKC,Curveball,55.6,6.7
 Corey Knebel,Knebel, Corey,608349,PHI,R,78.7,216,795,CUKC,Curveball,62.5,10.3
 Vince Velasquez,Velasquez, Vince,592826,CWS,R,81.5,216,1286,CUKC,Curveball,50.6,4.4
 Trevor Richards,Richards, Trevor,670950,TOR,R,85.1,214,1163,CUKC,Curveball,35.7,2.0
 Cristian Javier,Javier, Cristian,664299,HOU,R,76.5,213,2554,CUKC,Curveball,56.4,13.2
 Colin Poche,Poche, Colin,621363,TB,L,78.8,210,974,CUKC,Curveball,48.7,17.7
 Michael Kopech,Kopech, Michael,656629,CWS,R,78.4,204,2011,CUKC,Curveball,51.9,8.0
 Devin Smeltzer,Smeltzer, Devin,656970,MIN,L,75.2,204,1129,CUKC,Curveball,59.0,11.6
 Max Scherzer,Scherzer, Max,453286,NYM,R,75.0,200,2167,CUKC,Curveball,58.4,16.6
 Sam Hentges,Hentges, Sam,656529,CLE,L,81.3,200,944,CUKC,Curveball,55.5,6.3
 Sam Long,Long, Sam,669674,SF,L,77.0,198,739,CUKC,Curveball,62.0,2.1
 Ranger Suárez,Suárez, Ranger,624133,PHI,L,76.5,198,2564,CUKC,Curveball,55.6,9.8
 Ross Stripling,Stripling, Ross,548389,TOR,R,76.1,195,2033,CUKC,Curveball,59.0,7.2
 Jhoulys Chacín,Chacín, Jhoulys,468504,COL,R,79.8,194,786,CUKC,Curveball,43.9,14.7
 Ryan Pressly,Pressly, Ryan,519151,HOU,R,81.0,192,711,CUKC,Curveball,56.2,14.8
 Caleb Ferguson,Ferguson, Caleb,657571,LAD,L,78.3,192,580,CUKC,Curveball,58.9,13.8
 Lance McCullers Jr.,McCullers Jr., Lance,621121,HOU,R,82.7,189,759,CUKC,Curveball,50.6,13.6
 Cory Abbott,Abbott, Cory,676265,WSH,R,84.4,188,845,CUKC,Curveball,43.9,0.9
 Manny Bañuelos,Bañuelos, Manny,544365,PIT,L,81.7,185,718,CUKC,Curveball,39.5,10.3
 Mike Minor,Minor, Mike,501985,CIN,L,79.2,182,1750,CUKC,Curveball,55.0,7.1
 Mark Leiter Jr.,Leiter Jr., Mark,643410,CHC,R,73.2,181,1086,CUKC,Curveball,68.6,7.6
 Kyle Gibson,Gibson, Kyle,502043,PHI,R,79.0,181,2739,CUKC,Curveball,52.6,7.3
 Zack Thompson,Thompson, Zack,668868,STL,L,75.0,180,575,CUKC,Curveball,67.4,7.8
 Walker Buehler,Buehler, Walker,621111,LAD,R,79.2,176,1046,CUKC,Curveball,57.7,11.5
 Lance Lynn,Lynn, Lance,458681,CWS,R,82.0,175,2022,CUKC,Curveball,42.2,10.4
 Yimi Garcia,Garcia, Yimi,554340,TOR,R,82.4,174,1039,CUKC,Curveball,42.8,11.4
 Joe Ryan,Ryan, Joe,657746,MIN,R,74.9,171,2391,CUKC,Curveball,56.4,10.6
 Clarke Schmidt,Schmidt, Clarke,657376,NYY,R,83.5,169,930,CUKC,Curveball,48.8,15.0
 Steven Matz,Matz, Steven,571927,STL,L,78.0,168,849,CUKC,Curveball,54.6,14.9
 Carlos Rodón,Rodón, Carlos,607074,SF,L,79.8,166,2985,CUKC,Curveball,55.3,6.4
 Zach Logue,Logue, Zach,656657,OAK,L,77.5,161,1022,CUKC,Curveball,42.4,10.4
 Kyle Hendricks,Hendricks, Kyle,543294,CHC,R,72.7,160,1347,CUKC,Curveball,67.5,13.7
 Ryan Feltner,Feltner, Ryan,663372,COL,R,77.9,159,1675,CUKC,Curveball,54.6,8.2
 Humberto Castellanos,Castellanos, Humberto,528748,AZ,R,76.5,159,748,CUKC,Curveball,54.0,11.7
 Austin Pruitt,Pruitt, Austin,643493,OAK,R,80.9,157,809,CUKC,Curveball,52.4,8.0
 Spenser Watkins,Watkins, Spenser,657093,BAL,R,76.8,156,1642,CUKC,Curveball,60.7,5.7
 Jonathan Loáisiga,Loáisiga, Jonathan,642528,NYY,R,86.9,154,761,CUKC,Curveball,32.8,9.3
 Michael Rucker,Rucker, Michael,621074,CHC,R,80.6,151,914,CUKC,Curveball,52.0,15.6
 Matthew Liberatore,Liberatore, Matthew,669461,STL,L,74.3,151,650,CUKC,Curveball,67.2,11.6
 Braxton Garrett,Garrett, Braxton,666129,MIA,L,78.7,149,1436,CUKC,Curveball,53.2,11.4
 Bruce Zimmermann,Zimmermann, Bruce,669145,BAL,L,81.0,146,1130,CUKC,Curveball,48.9,1.5
 Michael Wacha,Wacha, Michael,608379,BOS,R,74.7,145,1949,CUKC,Curveball,58.8,10.3
 Jared Koenig,Koenig, Jared,657649,OAK,L,77.6,144,653,CUKC,Curveball,54.0,10.0
 Cole Sands,Sands, Cole,663485,MIN,R,78.6,138,603,CUKC,Curveball,48.8,18.1
 Lucas Luetge,Luetge, Lucas,476595,NYY,L,73.5,138,971,CUKC,Curveball,66.4,10.3
 Trevor Williams,Williams, Trevor,592866,NYM,R,78.6,137,1407,CUKC,Curveball,42.0,11.0
 Adam Oller,Oller, Adam,670124,OAK,R,80.5,137,1294,CUKC,Curveball,49.5,5.0
 Josh Winder,Winder, Josh,680739,MIN,R,81.0,135,1114,CUKC,Curveball,51.3,1.8
 Duane Underwood Jr.,Underwood Jr., Duane,621249,PIT,R,82.7,134,1004,CUKC,Curveball,51.2,7.4
 Zach Davies,Davies, Zach,605200,AZ,R,74.7,132,2292,CUKC,Curveball,62.3,10.7
 Matt Strahm,Strahm, Matt,621381,BOS,L,82.7,130,764,CUKC,Curveball,40.6,6.2
 Daniel Lynch,Lynch, Daniel,663738,KC,L,81.1,124,2435,CUKC,Curveball,47.0,1.9
 Tarik Skubal,Skubal, Tarik,669373,DET,L,76.9,123,1914,CUKC,Curveball,55.3,6.4
 Tyler Beede,Beede, Tyler,595881,PIT,R,79.1,123,1072,CUKC,Curveball,56.4,8.7
 Jake Bird,Bird, Jake,656234,COL,R,81.7,113,745,CUKC,Curveball,50.0,14.4
 Tommy Henry,Henry, Tommy,674072,AZ,L,80.6,113,773,CUKC,Curveball,50.5,6.8
 Tyler Wells,Wells, Tyler,669330,BAL,R,76.3,112,1649,CUKC,Curveball,58.2,9.3
 Justin Dunn,Dunn, Justin,643290,CIN,R,79.8,111,540,CUKC,Curveball,43.3,14.8
 Davis Martin,Martin, Davis,663436,CWS,R,79.7,110,1044,CUKC,Curveball,54.6,8.1
 Jack Flaherty,Flaherty, Jack,656427,STL,R,77.2,109,662,CUKC,Curveball,56.6,13.6
 Mike Baumann,Baumann, Mike,657508,BAL,R,84.0,108,580,CUKC,Curveball,52.9,4.5
 Johan Oviedo,Oviedo, Johan,670912,PIT,R,78.4,105,980,CUKC,Curveball,49.7,10.8
 Garrett Hill,Hill, Garrett,682051,DET,R,77.1,105,1019,CUKC,Curveball,58.2,10.0
 Bryan Abreu,Abreu, Bryan,650556,HOU,R,84.5,105,1019,CUKC,Curveball,46.2,11.3
 Matt Manning,Manning, Matt,666159,DET,R,79.7,104,990,CUKC,Curveball,54.0,8.9
 Bailey Ober,Ober, Bailey,641927,MIN,R,76.7,102,854,CUKC,Curveball,57.2,9.5
 Trent Thornton,Thornton, Trent,663423,TOR,R,79.7,101,664,CUKC,Curveball,59.4,8.4
 Liam Hendriks,Hendriks, Liam,521230,CWS,R,85.8,100,948,CUKC,Curveball,47.6,3.2
 Ryan Helsley,Helsley, Ryan,664854,STL,R,80.7,99,962,CUKC,Curveball,53.7,6.7
 Antonio Senzatela,Senzatela, Antonio,622608,COL,R,78.2,99,1521,CUKC,Curveball,50.8,5.9
 David Peterson,Peterson, David,656849,NYM,L,78.5,95,1889,CUKC,Curveball,52.5,7.3
 Chris Archer,Archer, Chris,502042,MIN,R,81.7,94,1787,CUKC,Curveball,46.6,5.0
 Dillon Peters,Peters, Dillon,596071,PIT,L,77.3,92,634,CUKC,Curveball,56.6,11.7
 Will Smith,Smith, Will,519293,HOU,L,76.9,90,985,CUKC,Curveball,54.6,8.9
 Vladimir Gutierrez,Gutierrez, Vladimir,661269,CIN,R,78.4,89,684,CUKC,Curveball,52.2,15.1
 Daulton Jefferies,Jefferies, Daulton,641726,OAK,R,80.2,83,611,CUKC,Curveball,44.7,5.1
 Erasmo Ramírez,Ramírez, Erasmo,541640,WSH,R,80.6,82,1222,CUKC,Curveball,46.7,7.2
 Bryan Shaw,Shaw, Bryan,543766,CLE,R,82.7,81,969,CUKC,Curveball,52.9,6.8
 Trevor Gott,Gott, Trevor,641627,MIL,R,82.7,79,761,CUKC,Curveball,49.9,10.0
 Reynaldo López,López, Reynaldo,625643,CWS,R,80.4,78,985,CUKC,Curveball,50.4,9.4
 Tucker Davidson,Davidson, Tucker,656353,LAA,L,78.4,77,912,CUKC,Curveball,53.3,8.0
 Spencer Howard,Howard, Spencer,675921,TEX,R,75.0,76,692,CUKC,Curveball,66.1,6.2
 Konnor Pilkington,Pilkington, Konnor,663455,CLE,L,77.0,75,1039,CUKC,Curveball,57.3,6.3
 Josh Fleming,Fleming, Josh,676596,TB,L,79.5,72,662,CUKC,Curveball,48.0,12.5
 Adrian Morejon,Morejon, Adrian,670970,SD,L,80.1,70,540,CUKC,Curveball,51.2,10.2
 Aníbal Sánchez,Sánchez, Aníbal,434671,WSH,R,75.4,69,1232,CUKC,Curveball,51.1,3.0
 Jimmy Lambert,Lambert, Jimmy,669424,CWS,R,76.8,67,818,CUKC,Curveball,65.4,5.9
 Tyler Gilbert,Gilbert, Tyler,656457,AZ,L,76.2,64,564,CUKC,Curveball,60.3,6.6
 Jake Woodford,Woodford, Jake,663765,STL,R,75.3,59,697,CUKC,Curveball,66.2,10.7
 Craig Stammen,Stammen, Craig,489334,SD,R,79.6,59,701,CUKC,Curveball,53.5,8.0
 Kirk McCarty,McCarty, Kirk,668948,CLE,L,77.1,58,574,CUKC,Curveball,54.5,9.1
 Ty Blach,Blach, Ty,621389,COL,L,79.2,58,674,CUKC,Curveball,49.9,4.5
 Elvin Rodriguez,Rodriguez, Elvin,660730,DET,R,78.5,55,534,CUKC,Curveball,50.9,8.9
 Matt Foster,Foster, Matt,641582,CWS,R,79.6,53,768,CUKC,Curveball,53.3,2.4
 Joey Wentz,Wentz, Joey,666214,DET,L,75.4,52,555,CUKC,Curveball,58.8,8.6
 Anthony Banda,Banda, Anthony,607455,NYY,L,81.1,50,551,CUKC,Curveball,48.8,7.0
 Ian Kennedy,Kennedy, Ian,453178,AZ,R,79.6,50,867,CUKC,Curveball,50.5,8.3
 Sean Newcomb,Newcomb, Sean,656794,CHC,L,78.9,50,552,CUKC,Curveball,59.9,10.0
 Drew Smith,Smith, Drew,622098,NYM,R,77.8,49,780,CUKC,Curveball,56.2,15.1
 Joe Barlow,Barlow, Joe,669618,TEX,R,81.3,48,554,CUKC,Curveball,50.2,1.8
 Tanner Banks,Banks, Tanner,621383,CWS,L,82.1,48,897,CUKC,Curveball,36.1,12.9
 Jacob deGrom,deGrom, Jacob,594798,NYM,R,83.4,48,940,CUKC,Curveball,41.6,7.3
 Ken Waldichuk,Waldichuk, Ken,686610,OAK,L,75.2,47,586,CUKC,Curveball,58.3,15.5
 Hunter Harvey,Harvey, Hunter,640451,WSH,R,82.8,44,661,CUKC,Curveball,52.0,8.1
 Cole Ragans,Ragans, Cole,666142,TEX,L,76.3,44,706,CUKC,Curveball,62.3,11.2
 Chase Anderson,Anderson, Chase,502624,CIN,R,77.8,38,493,CUKC,Curveball,61.8,6.1
