name,last_name, first_name,pitcher_id,team_name,pitch_hand,avg_speed,pitches_thrown,total_pitches,pitch_type,pitch_type_name,vertical_break,horizonal_break
 Dylan Cease,Cease, Dylan,656302,CWS,R,87.4,1338,3120,SL,Slider,35.0,4.0
 Robbie Ray,Ray, Robbie,592662,SEA,L,87.2,1133,3047,SL,Slider,28.3,1.5
 Logan Webb,Webb, Logan,657277,SF,R,82.5,982,3006,SL,Slider,39.4,10.2
 Carlos Rodón,Rodón, Carlos,607074,SF,L,85.4,916,2985,SL,Slider,38.6,8.1
 Jakob Junis,Junis, Jakob,596001,SF,R,83.1,909,1802,SL,Slider,38.9,13.3
 Brady Singer,Singer, Brady,663903,KC,R,85.5,903,2376,SL,Slider,36.8,3.6
 Hunter Greene,Greene, Hunter,668881,CIN,R,88.1,900,2200,SL,Slider,32.0,4.6
 Chad Kuhl,Kuhl, Chad,641771,COL,R,86.5,870,2375,SL,Slider,34.4,3.0
 Shane Bieber,Bieber, Shane,669456,CLE,R,85.0,826,2875,SL,Slider,35.1,2.8
 Brad Keller,Keller, Brad,641745,KC,R,86.9,821,2275,SL,Slider,38.5,5.7
 Alex Wood,Wood, Alex,622072,SF,L,84.5,805,2239,SL,Slider,41.1,3.1
 Miles Mikolas,Mikolas, Miles,571945,STL,R,87.7,799,3152,SL,Slider,31.1,3.9
 Alek Manoah,Manoah, Alek,666201,TOR,R,81.5,798,2949,SL,Slider,41.0,14.5
 Chris Archer,Archer, Chris,502042,MIN,R,88.7,792,1787,SL,Slider,30.5,5.2
 Tanner Scott,Scott, Tanner,656945,MIA,L,89.2,791,1273,SL,Slider,35.1,5.2
 Clayton Kershaw,Kershaw, Clayton,477132,LAD,L,86.6,786,1842,SL,Slider,29.8,5.4
 Patrick Corbin,Corbin, Patrick,571578,WSH,L,81.7,771,2623,SL,Slider,39.6,2.9
 Josiah Gray,Gray, Josiah,680686,WSH,R,85.8,764,2597,SL,Slider,31.6,1.6
 Jon Gray,Gray, Jon,592351,TEX,R,84.9,744,2062,SL,Slider,32.5,10.0
 Daniel Lynch,Lynch, Daniel,663738,KC,L,85.9,740,2435,SL,Slider,33.8,0.4
 Gerrit Cole,Cole, Gerrit,543037,NYY,R,88.7,739,3274,SL,Slider,34.2,5.0
 Justin Verlander,Verlander, Justin,434378,HOU,R,87.4,739,2607,SL,Slider,31.0,4.0
 JT Brubaker,Brubaker, JT,664141,PIT,R,86.7,738,2381,SL,Slider,34.3,0.9
 Logan Gilbert,Gilbert, Logan,669302,SEA,R,86.9,730,3015,SL,Slider,31.6,6.1
 Jordan Lyles,Lyles, Jordan,543475,BAL,R,80.0,714,2988,SL,Slider,44.2,16.8
 Sandy Alcantara,Alcantara, Sandy,645261,MIA,R,90.0,714,3248,SL,Slider,30.5,0.3
 Patrick Sandoval,Sandoval, Patrick,663776,LAA,L,86.3,713,2456,SL,Slider,35.6,6.6
 Dane Dunning,Dunning, Dane,641540,TEX,R,78.7,710,2548,SL,Slider,48.6,7.5
 Cristian Javier,Javier, Cristian,664299,HOU,R,79.8,706,2554,SL,Slider,40.2,15.1
 Joe Musgrove,Musgrove, Joe,605397,SD,R,82.9,691,2834,SL,Slider,41.8,12.8
 Matt Wisler,Wisler, Matt,605538,TB,R,79.8,685,749,SL,Slider,43.7,8.1
 Andrés Muñoz,Muñoz, Andrés,662253,SEA,R,88.6,662,1024,SL,Slider,29.7,4.3
 Michael Fulmer,Fulmer, Michael,605242,MIN,R,90.3,661,1043,SL,Slider,26.7,4.2
 Steven Okert,Okert, Steven,595345,MIA,L,82.0,659,968,SL,Slider,35.9,10.2
 Drew Hutchison,Hutchison, Drew,571800,DET,R,86.0,653,1759,SL,Slider,37.2,4.5
 Lucas Giolito,Giolito, Lucas,608337,CWS,R,84.4,649,2753,SL,Slider,37.2,3.5
 Spencer Strider,Strider, Spencer,675911,ATL,R,86.3,643,2277,SL,Slider,35.6,5.2
 Kyle Freeland,Freeland, Kyle,607536,COL,L,85.5,639,2839,SL,Slider,32.6,1.4
 Zack Wheeler,Wheeler, Zack,554430,PHI,R,90.6,634,2358,SL,Slider,26.8,2.3
 Justin Steele,Steele, Justin,657006,CHC,L,82.1,629,2032,SL,Slider,43.3,14.1
 Triston McKenzie,McKenzie, Triston,663474,CLE,R,87.3,621,2807,SL,Slider,25.6,5.3
 Taylor Rogers,Rogers, Taylor,573124,MIL,L,80.9,619,1085,SL,Slider,40.4,14.1
 Glenn Otto,Otto, Glenn,657248,TEX,R,81.1,614,2229,SL,Slider,42.4,16.5
 Nick Pivetta,Pivetta, Nick,601713,BOS,R,85.8,606,3082,SL,Slider,33.6,5.8
 Dakota Hudson,Hudson, Dakota,641712,STL,R,87.8,603,2253,SL,Slider,30.7,0.4
 Kyle Bradish,Bradish, Kyle,680694,BAL,R,86.9,592,1993,SL,Slider,37.4,10.8
 Germán Márquez,Márquez, Germán,608566,COL,R,87.7,592,2839,SL,Slider,31.1,0.3
 Tarik Skubal,Skubal, Tarik,669373,DET,L,89.3,592,1914,SL,Slider,25.9,1.1
 Carlos Carrasco,Carrasco, Carlos,471911,NYM,R,84.9,581,2412,SL,Slider,35.6,2.3
 Marcus Stroman,Stroman, Marcus,573186,CHC,R,84.7,573,2181,SL,Slider,38.3,13.4
 John Brebbia,Brebbia, John,605154,SF,R,84.0,572,1091,SL,Slider,35.4,5.9
 Blake Snell,Snell, Blake,605483,SD,L,88.9,569,2341,SL,Slider,29.9,4.1
 Yu Darvish,Darvish, Yu,506433,SD,R,82.3,566,2971,SL,Slider,42.6,15.0
 Yusei Kikuchi,Kikuchi, Yusei,579328,TOR,L,86.5,566,1843,SL,Slider,34.5,3.1
 Griffin Jax,Jax, Griffin,643377,MIN,R,86.4,560,1157,SL,Slider,38.8,11.4
 Reid Detmers,Detmers, Reid,672282,LAA,L,85.9,557,2181,SL,Slider,37.9,3.1
 David Peterson,Peterson, David,656849,NYM,L,84.4,550,1889,SL,Slider,37.7,3.9
 Anthony Bass,Bass, Anthony,542914,TOR,R,86.6,549,986,SL,Slider,38.0,4.7
 Aaron Ashby,Ashby, Aaron,676879,MIL,L,83.5,548,1878,SL,Slider,42.3,9.4
 Roansy Contreras,Contreras, Roansy,672710,PIT,R,83.8,543,1588,SL,Slider,40.3,4.3
 Michael Kopech,Kopech, Michael,656629,CWS,R,84.3,539,2011,SL,Slider,40.2,4.7
 Scott Barlow,Barlow, Scott,605130,KC,R,84.1,534,1198,SL,Slider,39.4,8.1
 Jeffrey Springs,Springs, Jeffrey,605488,TB,L,85.4,533,2149,SL,Slider,32.4,4.5
 Edwin O Díaz,Díaz, Edwin O,621242,NYM,R,90.8,533,928,SL,Slider,28.8,1.5
 Diego Castillo,Castillo, Diego,650895,SEA,R,88.4,530,843,SL,Slider,28.8,0.2
 Jaime Barría,Barría, Jaime,642545,LAA,R,85.3,528,1123,SL,Slider,32.0,4.0
 Luis Castillo,Castillo, Luis,622491,SEA,R,86.5,528,2506,SL,Slider,36.0,1.1
 Jameson Taillon,Taillon, Jameson,592791,NYY,R,86.2,527,2805,SL,Slider,32.6,6.2
 Max Fried,Fried, Max,608331,ATL,L,87.3,524,2818,SL,Slider,34.9,3.8
 Drew Rasmussen,Rasmussen, Drew,656876,TB,R,84.6,524,2239,SL,Slider,42.2,12.1
 Tyler Rogers,Rogers, Tyler,643511,SF,R,72.2,524,1166,SL,Slider,39.2,13.9
 Zach Plesac,Plesac, Zach,668676,CLE,R,85.4,523,2153,SL,Slider,29.9,1.3
 Collin McHugh,McHugh, Collin,543521,ATL,R,80.2,523,1086,SL,Slider,42.6,16.4
 Dylan Bundy,Bundy, Dylan,605164,MIN,R,79.1,523,2180,SL,Slider,44.4,5.3
 Kyle Gibson,Gibson, Kyle,502043,PHI,R,83.4,521,2739,SL,Slider,40.6,4.5
 James Kaprielian,Kaprielian, James,621076,OAK,R,85.0,515,2230,SL,Slider,34.3,4.5
 Jordan Romano,Romano, Jordan,605447,TOR,R,87.3,512,989,SL,Slider,36.9,4.2
 Penn Murfee,Murfee, Penn,682171,SEA,R,79.7,512,1003,SL,Slider,40.9,16.9
 Dylan Coleman,Coleman, Dylan,669395,KC,R,83.3,511,1205,SL,Slider,36.2,13.9
 Austin Gomber,Gomber, Austin,596295,COL,L,84.3,507,2059,SL,Slider,34.7,5.0
 Max Scherzer,Scherzer, Max,453286,NYM,R,85.0,507,2167,SL,Slider,34.7,3.2
 Matt Festa,Festa, Matt,670036,SEA,R,82.9,507,897,SL,Slider,37.1,15.6
 Andrew Bellatti,Bellatti, Andrew,571479,PHI,R,85.9,505,963,SL,Slider,33.3,3.6
 Jesús Luzardo,Luzardo, Jesús,666200,MIA,L,83.7,495,1644,SL,Slider,39.6,1.1
 Camilo Doval,Doval, Camilo,666808,SF,R,87.7,489,1121,SL,Slider,34.8,6.4
 Ryan Feltner,Feltner, Ryan,663372,COL,R,84.4,485,1675,SL,Slider,36.2,5.8
 Taylor Hearn,Hearn, Taylor,621368,TEX,L,84.9,480,1787,SL,Slider,38.7,3.2
 Will Smith,Smith, Will,519293,HOU,L,81.7,475,985,SL,Slider,38.5,4.8
 Paul Sewald,Sewald, Paul,623149,SEA,R,82.8,473,974,SL,Slider,31.4,12.0
 Luis Cessa,Cessa, Luis,570666,CIN,R,82.8,470,1235,SL,Slider,44.2,5.6
 Mitch White,White, Mitch,669952,TOR,R,85.4,469,1715,SL,Slider,38.3,9.2
 Eric Lauer,Lauer, Eric,641778,MIL,L,86.8,466,2676,SL,Slider,32.1,3.1
 Giovanny Gallegos,Gallegos, Giovanny,606149,STL,R,85.5,466,988,SL,Slider,36.5,0.3
 Braxton Garrett,Garrett, Braxton,666129,MIA,L,84.1,463,1436,SL,Slider,41.7,9.0
 Robert Stephenson,Stephenson, Robert,596112,PIT,R,83.9,462,914,SL,Slider,41.3,5.2
 Graham Ashcraft,Ashcraft, Graham,668933,CIN,R,85.8,456,1756,SL,Slider,40.0,11.0
 Amir Garrett,Garrett, Amir,607237,KC,L,84.7,454,804,SL,Slider,32.8,1.5
 Noah Syndergaard,Syndergaard, Noah,592789,PHI,R,84.8,454,2026,SL,Slider,36.7,5.8
 Adam Ottavino,Ottavino, Adam,493603,NYM,R,81.0,451,1057,SL,Slider,40.1,17.7
 Bryan Abreu,Abreu, Bryan,650556,HOU,R,88.4,448,1019,SL,Slider,37.8,8.2
 Ross Stripling,Stripling, Ross,548389,TOR,R,87.1,446,2033,SL,Slider,29.6,4.5
 Tyler Wells,Wells, Tyler,669330,BAL,R,87.5,438,1649,SL,Slider,28.0,4.9
 Steve Cishek,Cishek, Steve,518553,WSH,R,76.5,436,1175,SL,Slider,52.2,16.2
 Mike Minor,Minor, Mike,501985,CIN,L,85.4,435,1750,SL,Slider,33.7,3.5
 Tony Gonsolin,Gonsolin, Tony,664062,LAD,R,87.5,433,2015,SL,Slider,30.8,3.2
 Wil Crowe,Crowe, Wil,640444,PIT,R,87.6,432,1380,SL,Slider,35.3,6.0
 Austin Davis,Davis, Austin,656354,MIN,L,80.5,428,1118,SL,Slider,41.6,15.0
 Joe Ryan,Ryan, Joe,657746,MIN,R,82.2,426,2391,SL,Slider,37.5,3.1
 Brandon Hughes,Hughes, Brandon,676714,CHC,L,82.9,425,973,SL,Slider,36.6,3.9
 Brad Hand,Hand, Brad,543272,PHI,L,79.3,425,817,SL,Slider,47.9,16.4
 Ryan Brasier,Brasier, Ryan,518489,BOS,R,85.5,423,985,SL,Slider,38.0,6.4
 Hunter Strickland,Strickland, Hunter,519326,CIN,R,84.8,417,1099,SL,Slider,39.4,8.5
 Jake Diekman,Diekman, Jake,518617,CWS,L,81.4,411,1172,SL,Slider,40.3,16.0
 Antonio Senzatela,Senzatela, Antonio,622608,COL,R,86.1,410,1521,SL,Slider,34.3,4.9
 A.J. Puk,Puk, A.J.,640462,OAK,L,86.9,409,1072,SL,Slider,35.2,3.3
 Evan Phillips,Phillips, Evan,623465,LAD,R,85.3,408,923,SL,Slider,36.2,15.3
 Daniel Bard,Bard, Daniel,453268,COL,R,88.4,407,953,SL,Slider,32.6,7.5
 Taijuan Walker,Walker, Taijuan,592836,NYM,R,84.8,407,2500,SL,Slider,32.6,5.3
 Sam Moll,Moll, Sam,594580,OAK,L,81.7,404,737,SL,Slider,44.0,17.4
 Kevin Gausman,Gausman, Kevin,592332,TOR,R,84.4,404,2783,SL,Slider,35.1,1.1
 Tucker Davidson,Davidson, Tucker,656353,LAA,L,86.6,402,912,SL,Slider,37.1,5.9
 Dennis Santana,Santana, Dennis,642701,TEX,R,85.8,401,991,SL,Slider,39.4,1.7
 Paolo Espino,Espino, Paolo,502179,WSH,R,77.7,401,1873,SL,Slider,44.2,18.7
 Andrew Heaney,Heaney, Andrew,571760,LAD,L,83.4,398,1230,SL,Slider,38.2,3.6
 Mike Clevinger,Clevinger, Mike,605182,SD,R,79.9,397,1931,SL,Slider,44.6,15.6
 José Ureña,Ureña, José,570632,COL,R,86.8,396,1622,SL,Slider,30.4,1.5
 Johan Oviedo,Oviedo, Johan,670912,PIT,R,85.7,395,980,SL,Slider,35.6,5.8
 Elieser Hernandez,Hernandez, Elieser,622694,MIA,R,80.1,395,1095,SL,Slider,30.5,8.2
 Johnny Cueto,Cueto, Johnny,456501,CWS,R,83.5,391,2372,SL,Slider,33.7,2.7
 Zach Jackson,Jackson, Zach,667427,OAK,R,85.2,389,887,SL,Slider,40.1,0.5
 Matt Swarmer,Swarmer, Matt,664161,CHC,R,82.1,388,657,SL,Slider,37.5,7.3
 John Schreiber,Schreiber, John,670167,BOS,R,82.1,385,1020,SL,Slider,36.6,13.0
 Art Warren,Warren, Art,605521,CIN,R,85.5,382,655,SL,Slider,36.4,8.2
 Ryan Tepera,Tepera, Ryan,572193,LAA,R,85.2,381,892,SL,Slider,34.0,5.8
 Shane McClanahan,McClanahan, Shane,663556,TB,L,89.3,381,2463,SL,Slider,30.6,3.6
 Kyle Nelson,Nelson, Kyle,669459,AZ,L,84.3,377,593,SL,Slider,38.2,6.2
 Tanner Houck,Houck, Tanner,656557,BOS,R,85.4,375,918,SL,Slider,37.0,11.1
 Josh Winder,Winder, Josh,680739,MIN,R,84.3,371,1114,SL,Slider,37.1,1.0
 Adam Cimber,Cimber, Adam,643256,TOR,R,77.8,369,1044,SL,Slider,37.5,7.4
 Jacob deGrom,deGrom, Jacob,594798,NYM,R,92.6,369,940,SL,Slider,26.4,3.6
 Steven Wilson,Wilson, Steven,621051,SD,R,82.2,369,874,SL,Slider,38.8,11.1
 Dylan Lee,Lee, Dylan,669276,ATL,L,83.8,360,754,SL,Slider,34.4,3.2
 Will Vest,Vest, Will,676684,DET,R,86.4,360,1083,SL,Slider,38.6,9.0
 Alexis Díaz,Díaz, Alexis,664747,CIN,R,86.9,359,1077,SL,Slider,35.1,5.8
 José Suarez,Suarez, José,660761,LAA,L,81.7,358,1783,SL,Slider,36.4,9.1
 José Urquidy,Urquidy, José,664353,HOU,R,80.1,357,2640,SL,Slider,41.9,14.5
 Caleb Smith,Smith, Caleb,592761,AZ,L,85.4,356,1234,SL,Slider,29.2,3.1
 Frankie Montas,Montas, Frankie,593423,NYY,R,87.2,355,2327,SL,Slider,32.9,6.2
 Keegan Akin,Akin, Keegan,669211,BAL,L,85.3,355,1235,SL,Slider,36.3,5.1
 Cionel Pérez,Pérez, Cionel,672335,BAL,L,83.9,355,901,SL,Slider,44.7,12.2
 Matt Brash,Brash, Matt,666374,SEA,R,86.8,352,935,SL,Slider,36.6,15.2
 Clarke Schmidt,Schmidt, Clarke,657376,NYY,R,86.4,352,930,SL,Slider,32.9,8.3
 Emmanuel Clase,Clase, Emmanuel,661403,CLE,R,91.9,351,921,SL,Slider,32.4,7.1
 Trevor Rogers,Rogers, Trevor,669432,MIA,L,80.7,345,1940,SL,Slider,36.3,7.6
 Joel Payamps,Payamps, Joel,606303,OAK,R,82.2,344,952,SL,Slider,44.4,10.3
 Chase De Jong,De Jong, Chase,608328,PIT,R,83.6,343,1174,SL,Slider,40.6,4.4
 Luis Severino,Severino, Luis,622663,NYY,R,85.2,342,1639,SL,Slider,40.8,10.3
 Josh Winckowski,Winckowski, Josh,670174,BOS,R,84.8,342,1194,SL,Slider,41.0,5.6
 Michael Lorenzen,Lorenzen, Michael,547179,LAA,R,83.4,341,1654,SL,Slider,39.6,10.2
 Domingo Acevedo,Acevedo, Domingo,642758,OAK,R,86.5,341,1005,SL,Slider,29.6,7.2
 Andre Pallante,Pallante, Andre,669467,STL,R,87.0,341,1753,SL,Slider,37.3,5.4
 Justin Lawrence,Lawrence, Justin,664875,COL,R,82.3,341,763,SL,Slider,36.1,14.5
 Jimmy Herget,Herget, Jimmy,623474,LAA,R,83.2,339,996,SL,Slider,35.2,3.3
 Alex Faedo,Faedo, Alex,656412,DET,R,85.0,338,967,SL,Slider,35.0,2.8
 Davis Martin,Martin, Davis,663436,CWS,R,84.3,337,1044,SL,Slider,38.2,7.1
 Jason Adam,Adam, Jason,592094,TB,R,81.3,335,942,SL,Slider,43.3,13.1
 Joe Barlow,Barlow, Joe,669618,TEX,R,87.3,334,554,SL,Slider,28.4,3.8
 Sean Manaea,Manaea, Sean,640455,SD,L,81.5,332,2482,SL,Slider,39.0,3.9
 Jordan Hicks,Hicks, Jordan,663855,STL,R,84.7,332,1051,SL,Slider,38.7,11.8
 Nick Sandlin,Sandlin, Nick,680704,CLE,R,78.9,331,740,SL,Slider,37.8,12.7
 Austin Pruitt,Pruitt, Austin,643493,OAK,R,87.5,329,809,SL,Slider,32.9,5.3
 Scott Effross,Effross, Scott,664123,NYY,R,79.8,328,815,SL,Slider,40.3,12.5
 Dany Jiménez,Jiménez, Dany,666204,OAK,R,81.9,328,539,SL,Slider,41.2,2.0
 Yunior Marte,Marte, Yunior,628708,SF,R,86.0,325,856,SL,Slider,35.9,4.3
 Brooks Raley,Raley, Brooks,548384,TB,L,81.4,323,846,SL,Slider,40.5,18.5
 Víctor Arano,Arano, Víctor,644364,WSH,R,84.8,318,678,SL,Slider,36.6,0.8
 Reynaldo López,López, Reynaldo,625643,CWS,R,87.4,318,985,SL,Slider,30.8,6.4
 Phil Bickford,Bickford, Phil,641360,LAD,R,83.3,316,990,SL,Slider,37.6,6.5
 Dinelson Lamet,Lamet, Dinelson,659275,COL,R,86.3,315,583,SL,Slider,32.7,0.3
 Bryan Baker,Baker, Bryan,641329,BAL,R,87.3,312,1181,SL,Slider,33.1,7.4
 Taylor Clarke,Clarke, Taylor,664199,KC,R,88.4,311,859,SL,Slider,31.4,3.6
 Luis García,García, Luis,472610,SD,R,82.7,310,966,SL,Slider,38.3,12.1
 Mike Mayers,Mayers, Mike,594577,LAA,R,84.4,310,890,SL,Slider,38.6,4.1
 Ryan Helsley,Helsley, Ryan,664854,STL,R,89.1,309,962,SL,Slider,32.2,4.5
 Alex Vesia,Vesia, Alex,681911,LAD,L,85.0,308,951,SL,Slider,34.5,7.3
 Mychal Givens,Givens, Mychal,571710,NYM,R,84.7,304,1026,SL,Slider,35.5,6.1
 Louis Head,Head, Louis,545343,BAL,R,82.5,303,546,SL,Slider,43.2,13.0
 Corbin Burnes,Burnes, Corbin,669203,MIL,R,88.2,300,3274,SL,Slider,35.1,7.4
 Dominic Leone,Leone, Dominic,608678,SF,R,85.1,295,826,SL,Slider,40.5,5.1
 Spenser Watkins,Watkins, Spenser,657093,BAL,R,78.4,292,1642,SL,Slider,47.1,13.9
 Kirby Snead,Snead, Kirby,669912,OAK,L,82.0,292,780,SL,Slider,41.2,9.2
 Nick Nelson,Nelson, Nick,656793,PHI,R,89.9,291,1204,SL,Slider,30.0,2.2
 Bryse Wilson,Wilson, Bryse,669060,PIT,R,83.4,290,1825,SL,Slider,36.2,5.2
 Joe Jiménez,Jiménez, Joe,641729,DET,R,84.8,289,937,SL,Slider,36.5,2.7
 Vince Velasquez,Velasquez, Vince,592826,CWS,R,84.7,289,1286,SL,Slider,33.8,6.5
 Kendall Graveman,Graveman, Kendall,608665,CWS,R,88.7,288,1035,SL,Slider,32.2,5.2
 Collin Snider,Snider, Collin,676092,KC,R,86.3,288,583,SL,Slider,38.3,6.5
 Daniel Norris,Norris, Daniel,596057,DET,L,79.9,287,1012,SL,Slider,42.6,13.4
 Andrew Chafin,Chafin, Andrew,605177,DET,L,82.9,287,899,SL,Slider,40.7,0.2
 Jarlín García,García, Jarlín,606424,SF,L,82.7,287,1015,SL,Slider,39.1,5.9
 Brandon Woodruff,Woodruff, Brandon,605540,MIL,R,88.0,286,2538,SL,Slider,32.0,3.8
 JP Sears,Sears, JP,676664,OAK,L,79.2,284,1079,SL,Slider,47.2,7.0
 Zack Littell,Littell, Zack,641793,SF,R,87.9,281,758,SL,Slider,29.1,2.5
 Drew Smith,Smith, Drew,622098,NYM,R,85.4,277,780,SL,Slider,38.0,7.8
 José Leclerc,Leclerc, José,600917,TEX,R,83.3,276,782,SL,Slider,37.8,9.4
 Liam Hendriks,Hendriks, Liam,521230,CWS,R,89.0,274,948,SL,Slider,30.7,2.5
 Reiver Sanmartin,Sanmartin, Reiver,665665,CIN,L,82.0,273,1031,SL,Slider,39.0,5.8
 Jimmy Lambert,Lambert, Jimmy,669424,CWS,R,84.4,269,818,SL,Slider,39.9,5.6
 Jason Alexander,Alexander, Jason,669920,MIL,R,81.2,269,1160,SL,Slider,39.6,11.2
 Joel Kuhnel,Kuhnel, Joel,669270,CIN,R,86.8,269,934,SL,Slider,35.4,4.4
 Ryan Thompson,Thompson, Ryan,657044,TB,R,79.5,267,679,SL,Slider,34.4,13.7
 Dillon Tate,Tate, Dillon,622253,BAL,R,80.4,267,1077,SL,Slider,38.0,10.0
 Garrett Richards,Richards, Garrett,572070,TEX,R,88.6,267,708,SL,Slider,35.9,2.3
 Tanner Banks,Banks, Tanner,621383,CWS,L,86.7,267,897,SL,Slider,31.3,4.6
 Beau Brieske,Brieske, Beau,689225,DET,R,86.2,267,1287,SL,Slider,29.9,0.1
 Josh Hader,Hader, Josh,623352,SD,L,84.0,267,943,SL,Slider,38.3,4.1
 Brock Burke,Burke, Brock,656271,TEX,L,87.2,265,1330,SL,Slider,30.7,0.9
 Ryan Pressly,Pressly, Ryan,519151,HOU,R,89.7,262,711,SL,Slider,31.0,5.1
 Buck Farmer,Farmer, Buck,571656,CIN,R,83.3,262,855,SL,Slider,37.4,7.5
 Michael Rucker,Rucker, Michael,621074,CHC,R,86.4,257,914,SL,Slider,37.2,3.8
 Trent Thornton,Thornton, Trent,663423,TOR,R,82.2,257,664,SL,Slider,40.8,14.7
 Raisel Iglesias,Iglesias, Raisel,628452,ATL,R,84.1,255,979,SL,Slider,32.7,8.4
 Trevor Stephan,Stephan, Trevor,663986,CLE,R,85.9,254,1032,SL,Slider,34.5,9.5
 Jose Cuas,Cuas, Jose,621016,KC,R,82.1,253,687,SL,Slider,41.3,4.0
 Caleb Thielbar,Thielbar, Caleb,573204,MIN,L,81.3,247,996,SL,Slider,39.8,14.3
 Adrian Houser,Houser, Adrian,605288,MIL,R,85.0,247,1848,SL,Slider,36.5,6.1
 Freddy Peralta,Peralta, Freddy,642547,MIL,R,80.3,246,1353,SL,Slider,39.0,8.0
 Adrian Sampson,Sampson, Adrian,592716,CHC,R,83.0,245,1694,SL,Slider,41.6,10.3
 Brad Boxberger,Boxberger, Brad,502202,MIL,R,87.3,245,1090,SL,Slider,29.2,7.0
 Tyler Mahle,Mahle, Tyler,641816,MIN,R,83.9,240,2101,SL,Slider,36.8,5.0
 Gregory Soto,Soto, Gregory,642397,DET,L,89.3,238,1102,SL,Slider,28.1,1.4
 Andrew Wantz,Wantz, Andrew,681806,LAA,R,81.3,237,831,SL,Slider,40.7,13.6
 Reyes Moronta,Moronta, Reyes,606625,AZ,R,82.1,237,641,SL,Slider,39.1,12.8
 Matt Foster,Foster, Matt,641582,CWS,R,85.8,236,768,SL,Slider,32.1,5.5
 Enyel De Los Santos,De Los Santos, Enyel,660853,CLE,R,83.1,236,845,SL,Slider,39.1,2.7
 David Robertson,Robertson, David,502085,PHI,R,83.9,234,1060,SL,Slider,38.3,8.6
 Bryce Elder,Elder, Bryce,693821,ATL,R,82.4,234,873,SL,Slider,44.8,0.5
 Lou Trivino,Trivino, Lou,642152,NYY,R,81.9,227,955,SL,Slider,40.2,16.8
 Cory Abbott,Abbott, Cory,676265,WSH,R,86.6,227,845,SL,Slider,30.6,10.2
 Miguel Castro,Castro, Miguel,612434,NYY,R,85.8,227,522,SL,Slider,35.2,10.4
 Matt Manning,Manning, Matt,666159,DET,R,83.7,226,990,SL,Slider,29.0,8.2
 Jason Foley,Foley, Jason,671345,DET,R,85.5,226,961,SL,Slider,35.9,6.6
 Adrián Martínez,Martínez, Adrián,661309,OAK,R,82.0,224,1015,SL,Slider,40.1,2.9
 Jonathan Heasley,Heasley, Jonathan,669169,KC,R,85.6,223,1796,SL,Slider,34.0,3.3
 Jhoulys Chacín,Chacín, Jhoulys,468504,COL,R,87.0,220,786,SL,Slider,31.2,4.1
 Brayan Bello,Bello, Brayan,678394,BOS,R,85.0,219,997,SL,Slider,39.7,4.2
 Luis Garcia,Garcia, Luis,677651,HOU,R,79.6,216,2468,SL,Slider,45.2,15.2
 Chris Bassitt,Bassitt, Chris,605135,NYM,R,82.8,215,2886,SL,Slider,38.6,6.8
 Nathan Eovaldi,Eovaldi, Nathan,543135,BOS,R,85.9,212,1739,SL,Slider,33.8,6.6
 Rich Hill,Hill, Rich,448179,BOS,L,69.2,211,1990,SL,Slider,56.5,22.7
 Chris Stratton,Stratton, Chris,608717,STL,R,86.7,211,1100,SL,Slider,35.1,6.6
 Garrett Whitlock,Whitlock, Garrett,676477,BOS,R,83.2,210,1166,SL,Slider,40.9,1.6
 Bruce Zimmermann,Zimmermann, Bruce,669145,BAL,L,85.1,210,1130,SL,Slider,34.9,1.1
 Sonny Gray,Gray, Sonny,543243,MIN,R,81.6,208,1872,SL,Slider,47.5,17.5
 Albert Abreu,Abreu, Albert,656061,NYY,R,88.6,207,707,SL,Slider,29.3,2.5
 Wily Peralta,Peralta, Wily,503449,DET,R,83.6,206,694,SL,Slider,38.6,1.8
 Lucas Gilbreath,Gilbreath, Lucas,656458,COL,L,82.7,204,796,SL,Slider,42.7,3.8
 Seranthony Domínguez,Domínguez, Seranthony,622554,PHI,R,89.5,203,823,SL,Slider,30.7,5.1
 Peter Strzelecki,Strzelecki, Peter,657265,MIL,R,82.9,201,605,SL,Slider,37.1,15.6
 Jeff Hoffman,Hoffman, Jeff,656546,CIN,R,81.2,201,848,SL,Slider,46.3,10.9
 Bailey Ober,Ober, Bailey,641927,MIN,R,82.9,200,854,SL,Slider,40.1,5.4
 Yohan Ramirez,Ramirez, Yohan,670990,PIT,R,82.7,200,620,SL,Slider,34.9,15.3
 Andres Machado,Machado, Andres,600921,WSH,R,87.1,199,997,SL,Slider,32.6,5.1
 MacKenzie Gore,Gore, MacKenzie,669022,SD,L,87.4,198,1258,SL,Slider,30.6,2.1
 Jake Woodford,Woodford, Jake,663765,STL,R,82.1,197,697,SL,Slider,43.7,12.7
 Phil Maton,Maton, Phil,664208,HOU,R,80.9,197,1089,SL,Slider,37.7,17.8
 Humberto Castellanos,Castellanos, Humberto,528748,AZ,R,86.2,195,748,SL,Slider,29.2,1.6
 Lance McCullers Jr.,McCullers Jr., Lance,621121,HOU,R,85.1,193,759,SL,Slider,33.5,13.2
 Kyle Wright,Wright, Kyle,657140,ATL,R,90.1,193,2697,SL,Slider,25.6,1.0
 Garrett Hill,Hill, Garrett,682051,DET,R,82.6,192,1019,SL,Slider,37.8,6.1
 Zack Greinke,Greinke, Zack,425844,KC,R,82.2,191,2272,SL,Slider,34.4,8.1
 Bailey Falter,Falter, Bailey,663559,PHI,L,83.5,191,1295,SL,Slider,35.5,4.4
 Wyatt Mills,Mills, Wyatt,670090,KC,R,80.8,190,503,SL,Slider,35.8,7.0
 Dylan Floro,Floro, Dylan,571670,MIA,R,84.1,189,863,SL,Slider,34.9,2.0
 George Kirby,Kirby, George,669923,SEA,R,85.5,187,2092,SL,Slider,38.1,10.1
 Jonathan Hernández,Hernández, Jonathan,642546,TEX,R,87.3,185,511,SL,Slider,35.2,5.2
 Edward Cabrera,Cabrera, Edward,665795,MIA,R,86.8,185,1215,SL,Slider,33.8,4.4
 Chris Flexen,Flexen, Chris,623167,SEA,R,80.9,183,2204,SL,Slider,43.5,8.4
 Yimi Garcia,Garcia, Yimi,554340,TOR,R,89.4,182,1039,SL,Slider,26.7,2.6
 Seth Martinez,Martinez, Seth,661527,HOU,R,79.6,179,592,SL,Slider,35.7,12.7
 Carlos Hernández,Hernández, Carlos,672578,KC,R,85.7,178,1035,SL,Slider,34.9,3.1
 Jordan Weems,Weems, Jordan,607179,WSH,R,88.2,177,738,SL,Slider,32.7,6.0
 Kaleb Ort,Ort, Kaleb,672391,BOS,R,86.0,176,529,SL,Slider,36.4,10.3
 Erik Swanson,Swanson, Erik,657024,SEA,R,84.9,173,880,SL,Slider,31.6,5.9
 Tyler Alexander,Alexander, Tyler,641302,DET,L,77.7,173,1591,SL,Slider,45.0,13.4
 Mitch Keller,Keller, Mitch,656605,PIT,R,87.0,170,2661,SL,Slider,36.3,4.9
 Mike Baumann,Baumann, Mike,657508,BAL,R,91.5,167,580,SL,Slider,25.5,2.1
 Jack Flaherty,Flaherty, Jack,656427,STL,R,83.8,167,662,SL,Slider,37.6,7.4
 Aroldis Chapman,Chapman, Aroldis,547973,NYY,L,85.7,167,679,SL,Slider,33.1,10.7
 Ryne Stanek,Stanek, Ryne,592773,HOU,R,87.1,166,895,SL,Slider,38.0,2.3
 Trevor Williams,Williams, Trevor,592866,NYM,R,83.2,165,1407,SL,Slider,37.1,5.6
 Tyler Matzek,Matzek, Tyler,554431,ATL,L,83.2,165,713,SL,Slider,46.9,6.4
 Manny Bañuelos,Bañuelos, Manny,544365,PIT,L,85.8,164,718,SL,Slider,34.0,5.2
 Tyler Beede,Beede, Tyler,595881,PIT,R,88.0,164,1072,SL,Slider,32.7,1.5
 Daniel Castano,Castano, Daniel,641447,MIA,L,81.2,162,577,SL,Slider,42.0,7.4
 Eli Morgan,Morgan, Eli,669212,CLE,R,85.7,161,1017,SL,Slider,32.3,1.4
 Matt Strahm,Strahm, Matt,621381,BOS,L,88.6,160,764,SL,Slider,27.9,2.4
 Tylor Megill,Megill, Tylor,656731,NYM,R,85.2,159,791,SL,Slider,38.7,4.2
 Hayden Wesneski,Wesneski, Hayden,669713,CHC,R,81.2,158,495,SL,Slider,40.3,18.1
 Michael Pineda,Pineda, Michael,501381,DET,R,80.7,157,731,SL,Slider,41.2,0.6
 Tommy Henry,Henry, Tommy,674072,AZ,L,85.7,154,773,SL,Slider,31.3,1.4
 Carlos Estévez,Estévez, Carlos,608032,COL,R,87.3,152,1021,SL,Slider,35.1,5.1
 Sam Hentges,Hentges, Sam,656529,CLE,L,88.0,150,944,SL,Slider,33.2,3.5
 Tanner Rainey,Rainey, Tanner,663432,WSH,R,88.4,150,521,SL,Slider,33.5,3.6
 Vladimir Gutierrez,Gutierrez, Vladimir,661269,CIN,R,82.2,150,684,SL,Slider,40.6,12.8
 Dauri Moreta,Moreta, Dauri,664294,CIN,R,85.7,147,613,SL,Slider,35.8,3.7
 Seth Lugo,Lugo, Seth,607625,NYM,R,88.9,146,1079,SL,Slider,27.7,2.7
 Tommy Nance,Nance, Tommy,667297,MIA,R,86.9,137,751,SL,Slider,39.3,2.7
 Brett Martin,Martin, Brett,656685,TEX,L,86.8,136,750,SL,Slider,33.2,2.6
 Ron Marinaccio,Marinaccio, Ron,676760,NYY,R,80.4,135,757,SL,Slider,36.8,14.4
 Ryan Pepiot,Pepiot, Ryan,686752,LAD,R,86.7,134,737,SL,Slider,32.4,7.0
 Rafael Montero,Montero, Rafael,606160,HOU,R,87.9,133,1093,SL,Slider,32.6,6.0
 Kenley Jansen,Jansen, Kenley,445276,ATL,R,81.2,132,1006,SL,Slider,47.4,4.6
 Max Castillo,Castillo, Max,666721,KC,R,83.4,131,697,SL,Slider,36.0,3.2
 Jake Odorizzi,Odorizzi, Jake,543606,ATL,R,82.6,131,1798,SL,Slider,36.6,6.5
 Brusdar Graterol,Graterol, Brusdar,660813,LAD,R,90.6,130,675,SL,Slider,32.1,5.4
 Kyle Finnegan,Finnegan, Kyle,640448,WSH,R,89.0,128,1053,SL,Slider,26.7,2.9
 Wandy Peralta,Peralta, Wandy,593974,NYY,L,87.6,128,816,SL,Slider,31.3,1.9
 Tim Mayza,Mayza, Tim,641835,TOR,L,88.6,127,731,SL,Slider,30.6,0.5
 Cristopher Sánchez,Sánchez, Cristopher,650911,PHI,L,84.8,125,662,SL,Slider,38.1,1.8
 Jorge López,López, Jorge,605347,MIN,R,87.4,124,1161,SL,Slider,34.5,7.7
 Ken Waldichuk,Waldichuk, Ken,686610,OAK,L,81.0,123,586,SL,Slider,43.3,17.8
 Zach Pop,Pop, Zach,647315,TOR,R,85.0,123,536,SL,Slider,38.6,7.9
 Jeurys Familia,Familia, Jeurys,544727,BOS,R,88.7,123,817,SL,Slider,28.1,0.6
 Walker Buehler,Buehler, Walker,621111,LAD,R,83.5,122,1046,SL,Slider,37.2,13.9
 Félix Bautista,Bautista, Félix,642585,BAL,R,85.2,122,995,SL,Slider,39.1,5.3
 Richard Bleier,Bleier, Richard,542947,MIA,L,77.7,122,768,SL,Slider,48.3,8.8
 Elvin Rodriguez,Rodriguez, Elvin,660730,DET,R,82.9,122,534,SL,Slider,39.9,2.9
 Packy Naughton,Naughton, Packy,676050,STL,L,80.9,118,562,SL,Slider,42.2,3.5
 Ralph Garza Jr.,Garza Jr., Ralph,621248,TB,R,77.5,118,514,SL,Slider,37.5,13.8
 Adam Oller,Oller, Adam,670124,OAK,R,84.3,116,1294,SL,Slider,43.2,4.8
 Hirokazu Sawamura,Sawamura, Hirokazu,617228,BOS,R,85.8,115,838,SL,Slider,32.3,7.0
 Justin Dunn,Dunn, Justin,643290,CIN,R,83.4,114,540,SL,Slider,40.8,6.5
 Trevor Megill,Megill, Trevor,656730,MIN,R,88.5,110,774,SL,Slider,39.6,6.4
 J.B. Wendelken,Wendelken, J.B.,605525,AZ,R,85.9,110,488,SL,Slider,38.8,6.8
 Chase Silseth,Silseth, Chase,681217,LAA,R,83.7,108,501,SL,Slider,45.0,7.3
 Jake McGee,McGee, Jake,459429,WSH,L,85.2,106,629,SL,Slider,31.5,1.0
 Dallas Keuchel,Keuchel, Dallas,572971,TEX,L,77.0,93,1165,SL,Slider,45.3,9.8
 Tyler Duffey,Duffey, Tyler,608648,MIN,R,83.7,92,741,SL,Slider,41.3,11.6
 Craig Stammen,Stammen, Craig,489334,SD,R,81.5,86,701,SL,Slider,43.5,10.9
 Konnor Pilkington,Pilkington, Konnor,663455,CLE,L,81.9,82,1039,SL,Slider,41.1,1.9
 Kutter Crawford,Crawford, Kutter,676710,BOS,R,85.2,77,1296,SL,Slider,37.7,5.1
 Jharel Cotton,Cotton, Jharel,605194,SF,R,79.5,77,741,SL,Slider,46.3,12.7
 Aníbal Sánchez,Sánchez, Aníbal,434671,WSH,R,83.2,76,1232,SL,Slider,34.6,5.1
 T.J. McFarland,McFarland, T.J.,519008,STL,L,79.5,74,487,SL,Slider,46.4,4.8
 Devin Smeltzer,Smeltzer, Devin,656970,MIN,L,77.1,74,1129,SL,Slider,44.9,15.7
 Adrian Morejon,Morejon, Adrian,670970,SD,L,87.6,74,540,SL,Slider,37.2,5.3
 Matthew Liberatore,Liberatore, Matthew,669461,STL,L,86.0,71,650,SL,Slider,34.9,4.0
 Dillon Peters,Peters, Dillon,596071,PIT,L,84.7,70,634,SL,Slider,38.8,3.8
 Luke Weaver,Weaver, Luke,596133,KC,R,84.6,69,721,SL,Slider,41.2,4.9
 Shawn Armstrong,Armstrong, Shawn,542888,TB,R,86.1,69,1047,SL,Slider,38.9,10.1
 Tim Hill,Hill, Tim,657612,SD,L,82.4,68,745,SL,Slider,36.5,1.6
 Héctor Neris,Neris, Héctor,593576,HOU,R,87.6,67,1012,SL,Slider,29.9,1.7
 Javier Assad,Assad, Javier,665871,CHC,R,81.2,67,690,SL,Slider,37.7,10.8
 Cole Sulser,Sulser, Cole,642121,MIA,R,84.0,64,619,SL,Slider,31.9,6.7
 Clay Holmes,Holmes, Clay,605280,NYY,R,88.3,64,981,SL,Slider,38.6,2.7
 Rowan Wick,Wick, Rowan,592858,CHC,R,82.2,60,1153,SL,Slider,37.5,11.8
 Bryan Shaw,Shaw, Bryan,543766,CLE,R,84.3,59,969,SL,Slider,39.1,9.8
 Mark Leiter Jr.,Leiter Jr., Mark,643410,CHC,R,79.4,56,1086,SL,Slider,43.1,13.5
 Ian Gibaut,Gibaut, Ian,664139,CIN,R,85.2,54,694,SL,Slider,35.2,9.1
 Joely Rodríguez,Rodríguez, Joely,570257,NYM,L,83.9,50,842,SL,Slider,40.0,5.2
 John King,King, John,667463,TEX,L,81.0,44,749,SL,Slider,48.0,8.5
 Chase Anderson,Anderson, Chase,502624,CIN,R,83.6,42,493,SL,Slider,33.2,8.1
 Wade Miley,Miley, Wade,489119,CHC,L,78.7,37,566,SL,Slider,40.0,11.1
